comment,rating,created_at
"Cuá»‘n sÃ¡ch tÆ°Æ¡ng Ä‘á»‘i á»•n, tuy nhiÃªn ná»™i dung cuá»‘n sÃ¡ch hÆ¡i Ä‘i sÃ¢u vÃ o viá»‡c phÃ¢n tÃ­ch tÃ¢m lÃ½ cá»§a con ngÆ°á»i má»™t chÃºt, vÃ  cÃ³ chÃºt hÆ¡i khÃ³ hiá»ƒu, nÃªn Ä‘á»c cháº­m má»™t chÃºt. Cuá»‘n sÃ¡ch cÅ©ng Ä‘Æ°á»£c viáº¿t má»™t cÃ¡ch liÃªn tá»¥c chá»© khÃ´ng chia thÃ nh nhiá»u chÆ°Æ¡ng nhiá»u pháº§n nÃªn Ä‘Ã´i khi cá»© Ä‘á»c má»™t lÃ¨o khÃ´ng cÃ³ Ä‘iá»ƒm dá»«ng. Tuy nhiÃªn cuá»‘n sÃ¡ch Ä‘Æ°á»£c viáº¿t trong má»™t thá»i gian ráº¥t ngáº¯n nÃªn cÅ©ng khÃ´ng thá»ƒ Ä‘Ã²i há»i gÃ¬ nhiá»u. Nhá»¯ng ná»™i dung cá»§a cuá»‘n sÃ¡ch Ä‘Æ°á»£c viáº¿t tá»« thá»i Ä‘iá»ƒm cÃ²n chiáº¿n tranh nhÆ°ng váº«n cÃ³ thá»ƒ Ã¡p dá»¥ng tá»‘t á»Ÿ hiá»‡n táº¡i. Chá»‰ cáº§n con ngÆ°á»i cÃ³ má»™t lÃ½ do Ä‘á»ƒ sá»‘ng tiáº¿p thÃ¬ dÃ¹ cÃ³ khÃ³ khÄƒn nhÆ° tháº¿ nÃ o cÅ©ng cÃ³ thá»ƒ vÆ°á»£t qua Ä‘Æ°á»£c. Ráº¥t cáº£m Æ¡n tÃ¡c giáº£ áº¡, chÃ¡u sáº½ cÃ²n Ä‘á»c láº¡i cuá»‘n sÃ¡ch nÃ y cá»§a Ã´ng. Vá» váº¥n Ä‘á» Ä‘Ã³ng gÃ³i vÃ  ship thÃ¬ 10 Ä‘iá»ƒm rá»“i nÃªn khÃ´ng cÃ³ gÃ¬ Ä‘á»ƒ nÃ³i nhiá»u. Cáº£m Æ¡n Tiki ráº¥t nhiá»u",5,1730183034
"Tiki mn chÃª gÃ¬ chá»©, riÃªng máº£ng sÃ¡ch thÃ¬ khÃ´ng thá»ƒ chÃª
Giao hÃ ng nhanh, Ä‘Ã³ng gÃ³i tá»‰ má»‰, cÃ³ chá»‘ng sá»‘c 
       ------*************************------
Ná»™i dá»¥ng cuá»‘n nÃ y riÃªng vá»›i t sau khi Ä‘á»c Ä‘áº¿n 3/4 thÃ¬ tui cáº£m tháº¥ynhay (nhÆ° nhá»¯ng gÃ¬ t suy nghÄ©, mong Ä‘á»£i).
Vá»›i pháº§n 1 lÃ  1 há»“i kÃ­ Ä‘Æ°á»£c tÃ³m gá»n trong khoáº£ng 120 trang nhÆ°ng khÃ´ng Ä‘i quÃ¡ sÃ¢u vÃ o chi tiáº¿t cÃ¡c tá»™i Ã¡c man rá»£ cá»§a phÃ¡t xÃ­t Äá»©c (nhÆ° nhá»¯ng cuá»‘n cÃ¹ng chá»§ Ä‘á» thÆ°á»ng viáº¿t). Tá»« nhá»¯ng cÃ¢u chuyá»‡n Ä‘á»™c Ä‘Ã¡o, kinh khá»§ng trong tráº¡i táº­p trung tÃ¡c giáº£ Ä‘Ã£ lÃ m rÃµ nÃªn nhá»¯ng bÃ i há»c vá» tÃ¢m lÃ­, vá» Ã½ nghÄ©a cuá»™c sá»‘ng. Náº¿u ta lÃ  cÃ¡c tÃ¹ nhÃ¢n trong tráº¡i táº­p trung, ta sáº½ há»c Ä‘Æ°á»£c gÃ¬ trong sá»± khá»• Ä‘au áº¥y? Hay lÃ  sá»± Ä‘áº§u hÃ ng sá»‘ pháº­n, buÃ´ng xuÃ´i. TÃ´i tin ráº±ng Ã½ nghÄ©a cuá»™c sá»‘ng cá»§a má»—i ngÆ°á»i, cá»§a tá»«ng thá»i Ä‘iá»ƒm lÃ  khÃ¡c nhau. NhÆ°ng cÃ¡i cá»‘t lÃµi lÃ  sá»‘ng vÃ¬ sá»± hy vá»ng, vÃ¬ cÃ¡i tÆ°Æ¡i sÃ¡ng cá»§a tÆ°Æ¡ng lai. Trong hoÃ n cáº£nh nÃ o khi xáº£y ra vá»›i mÃ¬nh dÃ¹ tiÃªu cá»±c, thÃ¬ theo cÃ¡ch mn suy nghÄ© nÃ³ cÃ³ thá»ƒ lÃ  1 bÃ i há»c hay ho, 1 ""bÃ n Ä‘áº¡p"" cho tÆ°Æ¡ng lai.
CHá»T Láº I SÃCH HAY, NÃŠN MUA, 4*",5,1711113760
"40k cho 1 cuá»‘n sÃ¡ch quÃ¡ tuyá»‡t vá»i
SÃ¡ch má»›i tinh ko há» tráº§y xÆ°á»›c hay bá»‹ cÅ© 
10 Ä‘iá»ƒm cho cÃ¡ch gÃ³i vÃ  giao hÃ ng cá»§a tiki 
MÃ¬nh nháº­n tháº¥y tiki Ä‘Ã£ cáº£i thiá»‡n loáº¡i bÃ¬a gÃ³i hÃ ng ko bá»‹ má»m nhÆ° trc ná»¯a cÅ©ng nhá» váº­y mÃ  gÃ³i hÃ ng ráº¥t vuÃ´ng váº¯n Ä‘áº£m báº£o cháº¥t lÆ°á»£ng sÃ¡ch Ä‘áº¿n tay ngÆ°á»i dÃ¹ng 
Ná»™i dung sÃ¡ch mn lÃªn máº¡ng xem rv nha 
Ko há»‘i háº­n Ä‘Ã¢u 
â¤ï¸Tiki",5,1668280215
ÄÃ³ng hÃ ng ráº¥t cháº¯c cháº¯n vÃ  Ä‘áº¹p. SÃ¡ch Ä‘áº¿n tay cÃ²n nguyÃªn váº¹n. Ráº¥t  thÃ­ch cÃ¡c sÃ¡ch do First News xuáº¥t báº£n. LÃ½ do mÃ¬nh mua cuá»‘n â€œÄi tÃ¬m láº½ sá»‘ng nÃ yâ€ lÃ  vÃ¬ mÃ¬nh muá»‘n biáº¿t ráº±ng táº¡i sao á»Ÿ nÆ¡i Ä‘á»‹a ngá»¥c nhÆ° Tráº¡i táº­p trung cá»§a Äá»©c Quá»‘c XÃ£ mÃ  con ngÆ°á»i váº«n cÃ³ thá»ƒ tiáº¿p tá»¥c sá»‘ng. Niá»m tin khiáº¿n há» cá»‘ gáº¯ng lÃ  gÃ¬? Ã nghÄ©a cuá»™c sá»‘ng lÃ  sao. Má»™t quyá»ƒn sÃ¡ch Ä‘Ã¡ng Ä‘á»ƒ Ä‘á»c,5,1682229784
"Cháº¥t giáº¥y quÃ¡ tá»‡, ko khÃ¡c gÃ¬ sÃ¡ch láº­u, mua 3 quyá»ƒn cá»§a First News 1 lÃºc mÃ  ko thá»ƒ cháº¥p nháº­n cháº¥t giáº¥y cá»§a cuá»‘n nÃ o, dá»‹ch nÃªn giao hÃ ng muá»™n 1 tuáº§n so vá»›i dá»± kiáº¿n cÅ©ng ko thÃ´ng tin Ä‘áº¿n khÃ¡ch hÃ ng, trong khi mÃ¬nh thanh toÃ¡n tiá»n trÆ°á»›c, vÃ¬ dá»‹ch nÃªn mÃ¬nh cÅ©ng thÃ´ng cáº£m nhÆ°ng tháº¥y cháº¥t giáº¥y cá»§a sÃ¡ch thÃ¬ ko thá»ƒ cháº¥p nháº­n Ä‘Æ°á»£c. 1*",1,1634702384
"Khoáº£ng 2/3 Ä‘áº§u sÃ¡ch lÃ  má»™t cÃ¢u chuyá»‡n Ä‘Ã¡ng ngÆ°á»¡ng má»™, pháº§n sau lÃ  cÃ´ng trÃ¬nh cá»§a tÃ¡c giáº£. 


(Ã kiáº¿n cÃ¡ nhÃ¢n) TÆ° tÆ°á»Ÿng trong sÃ¡ch Ä‘Ã¡ng Ä‘á»ƒ thá»­ sá»‘ng theo. Má»™t vÃ i ná»™i dung bá»‹ nhai Ä‘i nhai láº¡i hÆ¡i nhiá»u trong sÃ¡ch, cÃ³ láº½ vÃ¬ cÃ¹ng má»™t nguyÃªn lÃ½ Ä‘Æ°á»£c tÃ¡c giáº£ Ã¡p dá»¥ng á»Ÿ Ä‘áº§u láº¡i Ä‘Æ°á»£c nháº¯c láº¡i á»Ÿ pháº§n 2.",4,1711960162
"Cuá»‘n sÃ¡ch dÃ nh cho nhá»¯ng ai Ä‘ang máº¥t Ä‘i nghá»‹ lá»±c sá»‘ng.Äá»c Ä‘á»ƒ biáº¿t nhá»¯ng khÃ³ khÄƒn hÃ ng ngÃ y chÃºng ta Ä‘ang tráº£i qua, nhá»¯ng ná»—i Ä‘au vÃ¬ tháº¥t tÃ¬nh hay cáº£m giÃ¡c khÃ´ng muá»‘n sá»‘ng khi  cÃ´ng viá»‡c máº¥t phÆ°Æ¡ng hÆ°á»›ng, trá»Ÿ  nÃªn tháº­t nhá» bÃ© khi so sÃ¡nh vá»›i nhá»¯ng tráº£i nghiá»‡m mÃ  tÃ¡c giáº£ Ä‘Ã£ tráº£i qua.
-ÄÃ´i khi xuÃ´i theo dÃ²ng cháº£y cá»§a sá»‘ pháº­n , Ä‘Ã´i khi sá»‘ng hi sing vÃ¬ ngÆ°á»i khÃ¡c, cÅ©ng lÃ  Ä‘ang cho mÃ¬nh má»™t cÆ¡ há»™i sá»‘ng. Cuá»‘n sÃ¡ch ráº¥t hay áº¡, Tuy hÆ¡i sá»‘c á»Ÿ Ä‘oáº¡n Ä‘áº§u .",5,1709866742
"Má»™t cuÃ³in sÃ¡ch kinh Ä‘iá»ƒn ná»¯a vá» Ä‘á» tÃ i diá»‡t chá»§ng Do ThÃ¡i. Má»™t cuá»‘n sÃ¡ch Ä‘Æ°á»£c vÃ­ von nhÆ° tháº§n dÆ°á»£c Ä‘á»ƒ nÃ¢ng Ä‘á»¡ tinh tháº§n con ngÆ°á»i khi Ä‘á»‘i máº·t vá»›i cáº£m giÃ¡c tuyá»‡t vá»ng vÃ¬ máº¥t Ä‘i táº¥t cáº£. 

Ã nghÄ©a cá»§a cuá»™c sá»‘ng cÃ³ thá»ƒ tÃ¬m tháº¥y trong má»i khoáº£nh kháº¯c; cuá»™c sá»‘ng khÃ´ng bao giá» máº¥t háº¿t Ã½ nghÄ©a, ngay cáº£ khi pháº£i chá»‹u Ä‘au Ä‘á»›n vÃ  cÃ¡i cháº¿t.",5,1644595338
"SÃ¡ch bá»c cáº©n tháº­n, giao hÃ ng nhanh.
Vá» ná»™i dung sÃ¡ch: QuÃ¡ trÃ¬nh, diá»…n biáº¿n tÃ¢m lÃ½ cá»§a tÃ¡c giáº£i trong tráº¡i giam giá»¯ cá»§a ngÆ°á»i Äá»©c, cÃ¡i cÃ¡ch mÃ  tÃ¡c giáº£ vÆ°á»£t qua nÃ³. Ã”ng khÃ´ng táº­p trung vÃ o ná»—i Ä‘au hay tÃ¡i hiá»‡n láº¡i mÃ´i trÆ°á»ng kháº¯c khá»• á»Ÿ Ä‘Ã³ nhÆ°ng tá»«ng cÃ¢u chá»¯ giÃºp ngÆ°á»i Ä‘á»c tÆ°á»Ÿng tÆ°á»£ng ra cuá»™c sá»‘ng á»Ÿ Ä‘Ã³.",5,1686501267
"SÃ¡ch lá»“ng ghÃ©p nhá»¯ng cÃ¢u chuyá»‡n khi Ã´ng cÃ²n á»Ÿ tráº¡i táº­p trung Ä‘á»ƒ bÃ n Ä‘áº¿n khÃ¡t vá»ng sá»‘ng cá»§a con ngÆ°á»i trong báº¥t kÃ¬ hoÃ n cáº£nh nÃ o, cáº£ má»¥c Ä‘Ã­ch sá»‘ng ná»¯a. Nhá»¯ng Ä‘oáº¡n thuáº§n vá» Ã½ nghÄ©a khÃ´ng lá»“ng ghÃ©p cÃ¢u chuyá»‡n thÃ¬ pháº£i táº­p trung vÃ  nghiá»n ngáº«m kÄ© má»›i hiá»ƒu rÃµ Ä‘Æ°á»£c",5,1685932082
"ChÆ°a Ä‘á»c ná»™i dung nhÆ°ng Ä‘Ã¡nh giÃ¡ 5* cho Tiki trÆ°á»›c vÃ¬ cháº¥t lÆ°á»£ng dá»‹ch vá»¥ quÃ¡ tá»‘t, tÃ i xáº¿ giao hÃ ng quÃ¡ Æ° lÃ  dá»… thÆ°Æ¡ng.
LÃºc nÃ o cÅ©ng váº­y, khi nghÄ© Ä‘áº¿n mua sÃ¡ch online lÃ  mÃ¬nh sáº½ lÃ¢n la lÃªn Tiki Trading Ä‘áº§u tiÃªn vÃ  chÆ°a bao giá» bá»‹ tháº¥t vá»ng cáº£. 
GiÃ¡ cáº£ cá»±c kÃ¬ Ok, chÆ°a nÃ³i lÃ  tháº¥p hÆ¡n nhiá»u so vá»›i nhá»¯ng nhÃ  cung cáº¥p khÃ¡c (Ä‘áº·c biá»‡t lÃ  khi cÃ³ deal sá»‘c thÃ¬ láº¡i cÃ²n Ä‘Æ°á»£c giáº£m nhiá»u hÆ¡n ná»¯a). Äá»£t nÃ y mÃ¬nh mua tá»•ng Ä‘Æ¡n 335K, Ä‘Æ°á»£c giáº£m thÃªm 10K khi mua theo combo, láº¡i Ä‘Æ°á»£c giáº£m thÃªm 20K ná»¯a khi mua Ä‘Æ¡n trÃªn 299K, chÆ°a háº¿t cÃ²n Ä‘Æ°á»£c giáº£m toÃ n bá»™ phÃ­ váº­n chuyá»ƒn hoáº£ tá»‘c luÃ´n (U lÃ  trá»i). Mua sÃ¡ch mÃ  Ä‘Æ°á»£c giáº£m nhiá»u nhÆ° váº§y thÃ¬ sao tui ko mÃª ná»•i Ä‘Ã¢y chá»i. 
MÃª chá»¯ Ãª kÃ©o dÃ i nha.
Äá»ƒ tui Ä‘á»c liá»n Ã²i quay láº¡i review ná»™i dung sau nhen.",5,1677849598
"Bá»c sÃ¡ch kÄ©, vÃ¬ sÄƒn sale nÃªn cÃ³ láº½ bÃªn giao hÃ ng bá»‹ quÃ¡ táº£i. MÃ¬nh bá»‹ giao hÃ ng cháº­m 1 ngÃ y, nhÆ°ng khi nháº­n hÃ ng thÃ¬ váº«n ráº¥t lÃ  Æ°ng Ã½.",5,1731473431
"Sáº£n pháº©m Ä‘á»ƒ trong cÃ¡i bá»c dÃ¡n thÃ´i, Ä‘Ã¢u pháº£i seal gÃ¬ Ä‘Ã¢u máº¯c gÃ¬ ko thÃ¡o ra bá»c bookcare Ä‘Æ°á»£c váº­y, mua sÃ¡ch tiki cá»© Ä‘inh ninh lÃ  bá»c bookcare do cÃ²n bookcare, nÃ o ngá» ko",3,1728820878
"Ná»™i dung cuá»‘n sÃ¡ch chia lÃ m 2 pháº§n. Pháº§n Ä‘áº§u lÃ  tá»± thuáº­t cá»§a tÃ¡c giáº£ vá» 3 nÄƒm sá»‘ng trong 4 tráº¡i táº­p trung cá»§a Äá»©c quá»‘c xÃ£. NÆ¡i mÃ  nhá»¯ng ngÆ°á»i tÃ¹ luÃ´n pháº£i sá»‘ng trong cáº£nh Ä‘Ã³i rÃ©t, bá»‡nh táº­t, lao Ä‘á»™ng cá»±c nhá»c vÃ  luÃ´n bá»‹ Ä‘e doáº¡ Ä‘Æ°a Ä‘áº¿n lÃ² thiÃªu hoáº·c phÃ²ng ngáº¡t. Chá»‰ 1/28 sá»‘ tÃ¹ nhÃ¢n cÃ³ thá»ƒ sá»‘ng sÃ³t. 1 Ä‘Ãªm ná» tÃ¡c giáº£ phÃ¡t hiá»‡n ngÆ°á»i báº¡n tÃ¹ bÃªn cáº¡nh Ä‘ang gáº·p Ã¡c má»™ng, Ã´ng Ä‘á»‹nh Ä‘Ã¡nh thá»©c ngÆ°á»i báº¡n mÃ¬nh dáº¡y nhÆ°ng rá»“i chá»£t nháº­n ra ráº±ng: cháº³ng cÃ²n cÆ¡n Ã¡c má»™ng nÃ o Ä‘Ã¡ng sá»£ hÆ¡n cÃ¡i tráº¡i táº­p trung nÃ y.
Pháº§n 2 cuá»‘n sÃ¡ch nÃ y nÃ³i vá» ""liá»‡u phÃ¡p Ã½ nghÄ©a"", há»c thuyáº¿t Ä‘iá»u trá»‹ tÃ¢m lÃ½ mÃ  tÃ¡c giáº£ Ä‘Ã£ sÃ¡ng táº¡o ra. NÃ³ thÃºc Ä‘áº©y con ngÆ°á»i chá»§ Ä‘á»™ng Ä‘Æ°a ra nhiá»u quyáº¿t Ä‘á»‹nh hÆ¡n vÃ  tá»± chá»‹u trÃ¡ch nhiá»‡m vá» nhá»¯ng quyáº¿t Ä‘á»‹nh Ä‘Ã³, Ä‘á»ƒ hÆ°á»›ng tá»›i má»™t tÆ°Æ¡ng lai tá»‘t Ä‘áº¹p hÆ¡n.
""NgÆ°á»i nÃ o cÃ³ má»™t lÃ½ do Ä‘á»ƒ sá»‘ng thÃ¬ cÃ³ thá»ƒ sá»‘ng sÃ³t trong má»i nghá»‹ch cáº£nh"".
Xin cáº£m Æ¡n tÃ¡c giáº£ vÃ  nhÃ  sÃ¡ch tiki Ä‘Ã£ Ä‘em Ä‘áº¿n cho tÃ´i 1 cuá»‘n sÃ¡ch tuyá»‡t vá»i.",5,1684496423
"NhÃ¬n quyá»ƒn sÃ¡ch Ä‘Ã£ tháº¥y áº¥n tÆ°á»£ng, sÃ¡ch thiáº¿t káº¿ Ä‘áº¹p, in rÃµ rÃ ng, sÃ¡ch khÃ´ng quÃ¡ dÃ y cÃ³ thá»ƒ thoáº£i mÃ¡i cáº§m Ä‘i má»i nÆ¡i! MÃ¬nh Ä‘Æ°á»£c báº¡n giá»›i thiá»‡u cuá»‘n nÃ y, mÃ¬nh chÆ°a há»c nhÆ°ng hi vá»ng ná»™i dung sáº½ tuyá»‡t vá»i nhÆ° báº¡n mÃ¬nh chia sáº»!",5,1686799557
"Giao hÃ ng siÃªu nhanh
ÄÃ³ng gÃ³i hÃ ng siÃªu cáº©n tháº©n
SÃ¡ch khÃ´ng bá»‹ mÃ³p, rÃ¡ch",5,1723083067
"Báº£n thÃ¢n mÃ¬nh khi Ä‘á»c xong quyá»ƒn sÃ¡ch nÃ y pháº£i nÃ³i lÃªn tá»« ""may máº¯n"". Trong cuá»™c sá»‘ng chÃºng ta Ä‘Ã´i lÃºc tá»«ng nghÄ© mÃ¬nh lÃ  ngÆ°á»i báº¥t háº¡nh nháº¥t vÃ  khÃ´ng ai quan tÃ¢m, yÃªu thÆ°Æ¡ng mÃ¬nh cáº£ nhÆ°ng khi Ä‘á»c tÃ¡c pháº©m nÃ y mÃ¬nh tháº¥y báº£n thÃ¢n cÃ²n ráº¥t may máº¯n. Khi Ä‘á»c quyá»ƒn sÃ¡ch báº¡n sáº½ Ä‘Æ°á»£c Ä‘á»“ng hÃ nh cÃ¹ng tÃ¡c giáº£ vá» sá»± tÃ n khá»‘c khi bá»‹ báº¯t vÃ  lao Ä‘á»™ng khá»• sai (mÃ¹a Ä‘Ã´ng chá»‰ Ä‘Æ°á»£c máº·c má»—i chiáº¿c Ã¡o má»ng),... ChÃºc cÃ¡c báº¡n má»™t hÃ nh trÃ¬nh Ä‘áº§y thÃº vá»‹ cÃ¹ng Äi tÃ¬m láº½ sá»‘ng.",5,1669430455
"Ngau cáº£ nhá»¯ng con ngÆ°á»i trong hoÃ n cáº£nh cáº£ thá»ƒ xÃ¡c láº«n tÃ¢m há»“n Ä‘á»u bá»‹ thá»­ thÃ¡ch tá»›i cá»±c háº¡n láº¡i váº«n giá»¯ dc Ã½ nghÄ©a sá»‘ng chi riÃªng mÃ¬nh.

CÃ²n chÃºng ta láº¡i Ä‘i than phiá»n vá» nhá»¯ng thá»© nhá» nháº·t nhÆ° lÆ°Æ¡ng tháº¥p, Ä‘á»“ng nghiá»‡p nhÆ° Ä‘b, hÃ nh xÃ³m nhÆ° lol, ... ThÃ¬ liá»‡u ráº±ng ta Ä‘ang sá»‘ng vÃ¬ Ä‘iá»u j?

Thay vÃ¬ lÃ m nÃ´ lá»‡ Ä‘á»“ng tiá»n hoáº·c nhá»¯ng Ä‘á»‹nh kiáº¿n xÃ£ há»™i, hÃ£y lÃ m nÃ´ lá»‡ cho lÃ­ tÆ°á»Ÿng sá»‘ng cá»§a chÃ­nh mÃ¬nh.",5,1678230168
"Cho báº¡n nÃ o cáº§n thÃ¬ sÃ¡ch dÃ y khoáº£ng 200trang áº¡. shop Ä‘Ã³ng gÃ³i sáº£n pháº©m cáº©n tháº­n, khÃ´ng mÃ³p mÃ©o nÃªn lÃºc nháº­n sÃ¡ch mÃ¬nh vui láº¯m. Cáº£m Æ¡n shop nhiá»u :>>",5,1685188230
"Khi tÃ´i Ä‘ang viáº¿t nhá»¯ng dÃ²ng nÃ y tay tÃ´i Ä‘ang Ä‘au khá»§ng khiáº¿p. Máº¥y ngÃ y nay ráº¥t láº¡nh, 8Â°, rÃ©t giÃ¡, tÃ´i háº§u nhÆ° ngÃ y nÃ o cÅ©ng tÃª buá»‘t nguyÃªn tá»« Ä‘Ã¹i xuá»‘ng bÃ n chÃ¢n, khuya náº±m trong chÄƒn máº¥y tiáº¿ng váº«n chÆ°a háº¿t buá»‘t. SÃ¡ng hÆ¡n 4h tá»‰nh dáº­y cÃ¹ng lÃºc cáº£m tháº¥y ráº¥t Ä‘au tá»« khá»›p khuá»·u tay. Ráº¡o ráº¡o trong khá»›p, cáº§m cÃ¡i thÃ¬a cÅ©ng khÃ³ Ä‘á»ƒ co láº¡i Ä‘Æ°a vÃ o miá»‡ng. 
TÃ´i Ä‘Ã£ nhá» má»± dÃ¡n táº¥m dÃ¡n tháº£o dÆ°á»£c vÃ o chá»— Ä‘au, cáº£ ngÃ y nay váº«n cháº³ng Ä‘á»¡. 
Nhá»¯ng cÆ¡n Ä‘au khá»›p lÃ  thÆ°á»ng trá»±c vá»›i tÃ´i, háº§u nhÆ° táº¥t cáº£ cÃ¡c khá»›p trÃªn ngÆ°á»i tÃ´i, nhÆ° khÃ´ng bao giá» dá»©t, chá»‰ cÃ³ lÃºc dá»¯ dá»™i lÃºc vá»«a pháº£i. LÃ  vá»«a pháº£i bá»Ÿi tÃ´i Ä‘Ã£ chá»‹u Ä‘á»±ng thÃ nh quen, Ä‘Ã£ xem nhá»¯ng cÆ¡n Ä‘au nhÆ° ngÆ°á»i báº¡n Ä‘á»“ng hÃ nh suá»‘t Ä‘á»i. NÃ³ váº«n tiáº¿n triá»ƒn vÃ  phÃ¡ há»§y thÃªm nhiá»u khá»›p hÆ¡n theo thá»i gian. Táº¥t cáº£ má»i sinh hoáº¡t cá»§a tÃ´i Ä‘á»u pháº£i phá»¥ thuá»™c vÃ o ngÆ°á»i khÃ¡c. TÃ´i biáº¿t tÃ´i khÃ´ng thá»ƒ thay Ä‘á»•i, khÃ´ng thá»ƒ váº­t vÃ£ Ä‘au khá»• than trá»i trÃ¡ch Ä‘áº¥t mÃ£i, náº¿u khÃ´ng muá»‘n káº¿t thÃºc cuá»™c sá»‘ng, tÃ´i pháº£i Ä‘á»‘i diá»‡n vÃ  cháº¥p nháº­n. NÃ³ nháº¯c nhá»Ÿ tÃ´i biáº¿t khiÃªm nhÆ°á»ng, biáº¿t cuá»™c sá»‘ng vÃ´ thÆ°á»ng vÃ  ngáº¯n ngá»§i, biáº¿t trÃ¢n quÃ½ tá»«ng phÃºt giÃ¢y Ä‘Æ°á»£c sá»‘ng dÃ¹ lÃ  trong Ä‘au Ä‘á»›n má»—i ngÃ y, biáº¿t Ã´m láº¥y cáº£ nhá»¯ng cÆ¡n Ä‘au vÃ  ""cÃ¹ng nhau"" lÃ m Ä‘Æ°á»£c gÃ¬ cÃ³ Ã­ch cá»© lÃ m, sá»‘ng cho Ä‘iá»u Ã½ nghÄ©a nháº¥t trong nhá»¯ng viá»‡c mÃ¬nh cÃ²n cÃ³ thá»ƒ lÃ m Ä‘Æ°á»£c á»Ÿ cuá»™c Ä‘á»i nÃ y. 

Nhiá»u ngÆ°á»i nÃ³i vá»›i tÃ´i Ã½ lÃ  Nga siÃªu háº§y, Ä‘Æ°á»£c lÃªn bÃ¡o, lÃªn tivi suá»‘t rá»©a. Rá»“i Ã½ nhÆ° Nga ná»— lá»±c tháº¿ lÃ  cÅ©ng Ä‘Æ°á»£c lÃªn bÃ¡o lÃªn tivi rá»“i... TÃ´i má»‰m cÆ°á»i báº£o lÃ  tÃ´i vui vÃ  ráº¥t cáº£m Æ¡n nhá»¯ng ghi nháº­n cá»§a táº¥t cáº£ má»i ngÆ°á»i, bÃ¡o Ä‘Ã i truyá»n thÃ´ng Ä‘Ã£ cÃ¹ng lan tá»a ThÆ° viá»‡n vÃ  tÃ¬nh yÃªu Ä‘á»c sÃ¡ch Ä‘áº¿n vá»›i nhiá»u ngÆ°á»i hÆ¡n. MÃ  táº¥t cáº£ ná»— lá»±c cá»§a tÃ´i cháº³ng vÃ¬ Ä‘á»ƒ Ä‘Æ°á»£c lÃªn bÃ¡o, lÃªn truyá»n hÃ¬nh. TÃ´i váº«n Ä‘ang vÃ¬ chÃ­nh tÃ´i thÃ´i. Nhá»¯ng thÃ¡ng ngÃ y Ä‘áº§u tÃ´i bá»‹ ""sá»‘c"" náº·ng vÃ¬ khÃ´ng thá»ƒ bÆ°á»›c Ä‘i Ä‘Æ°á»£c ná»¯a, Ä‘au Ä‘á»›n khá»§ng khiáº¿p nhÆ° khÃ´ng bao giá» dá»©t, sá»‘ng khÃ´ng cÃ³ tÆ°Æ¡ng lai khÃ´ng cÃ³ má»¥c Ä‘Ã­ch... TÃ´i báº¥t lá»±c, Ä‘au khá»•, chÃ¡n ghÃ©t báº£n thÃ¢n, tháº¥y cuá»™c sá»‘ng tháº­t vÃ´ nghÄ©a, tháº¥y mÃ¬nh chá»‰ lÃ  ngÆ°á»i thá»«a cá»§a xÃ£ há»™i... Nhá» Ä‘á»c sÃ¡ch vÃ  báº£n nÄƒng sá»‘ng trong tÃ´i trá»—i dáº­y máº¡nh máº½, tÃ´i Ä‘Ã£ luÃ´n cá»‘ gáº¯ng Ä‘á»ƒ cuá»™c sá»‘ng cá»§a mÃ¬nh cÃ³ Ã­ch, Ã­t nháº¥t lÃ  vá»›i ngÆ°á»i thÃ¢n vÃ  ngÆ°á»i xung quanh mÃ¬nh, Ã­t nháº¥t lÃ  mÃ¬nh cÃ²n cáº§n cho má»™t ai Ä‘Ã³. VÃ  tÃ´i Ä‘Ã£ lÃ m Ä‘Æ°á»£c, khÃ´ng chá»‰ lÃ  ngÆ°á»i thÃ¢n, tÃ´i dáº§n tháº¥y tÃ´i cáº§n cho nhiá»u ngÆ°á»i hÆ¡n, há» yÃªu thÆ°Æ¡ng tÃ´i, tin tÆ°á»Ÿng tÃ´i, xem tÃ´i lÃ  má»™t pháº§n cuá»™c sá»‘ng cá»§a há», cÃ¹ng há» ""lá»›n lÃªn"". ÄÃ³ lÃ  LÃ DO Ä‘á»ƒ tÃ´i khÃ´ng thá»ƒ cho phÃ©p mÃ¬nh buÃ´ng xuÃ´i, lÃ  Ä‘á»™ng lá»±c tinh tháº§n máº¡nh máº½ giÃºp tÃ´i kiÃªn nháº«n chá»‹u Ä‘á»±ng nhá»¯ng cÆ¡n Ä‘au, nhá»¯ng tá»§i thÃ¢n, báº¥t lá»±c váº«n thÆ°á»ng trá»±c muá»‘n nháº¥n chÃ¬m tÃ´i. 

TrÆ°á»›c Ä‘Ã¢y tÃ´i ráº¥t thÃ­ch cÃ¢u nÃ³i ""ÄÃªm tá»‘i Ä‘áº¿n Ä‘á»ƒ láº¡i trong ta nhá»¯ng vÃ¬ sao"" (Victor Hugo). NÃ³ luÃ´n nháº¯c nhá»Ÿ vÃ  kÃ©o tÃ´i dáº­y ""MÃ¬nh pháº£i biáº¿t Æ¡n táº¥t cáº£ nhá»¯ng thá»­ thÃ¡ch nÃ y. ChÃ­nh trong Ä‘au khá»• vÃ  báº¿ táº¯c má»›i khÆ¡i dáº­y Ä‘Æ°á»£c háº¿t kháº£ nÄƒng cá»§a mÃ¬nh. ThÃ¡i Ä‘á»™ vÃ  cÃ¡ch mÃ¬nh vÆ°á»£t lÃªn chÃ­nh lÃ  nhá»¯ng vÃ¬ sao láº¥p lÃ¡nh trong Ä‘Ãªm.""  

BÃ¢y giá» Ä‘á»c ""Äi tÃ¬m láº½ sá»‘ng"", tÃ´i thÃ­ch ráº¥t nhiá»u Ä‘oáº¡n, Ä‘áº·c biá»‡t lÃ  cÃ¢u trÃ­ch lá»i cá»§a Nietzsche ""NgÆ°á»i nÃ o cÃ³ lÃ½ do Ä‘á»ƒ sá»‘ng thÃ¬ cÃ³ thá»ƒ tá»“n táº¡i trong má»i nghá»‹ch cáº£nh"". 
ThÃ¬ ra tÃ´i Ä‘Ã£ tÃ¬m Ä‘Æ°á»£c cho mÃ¬nh lÃ½ do Ä‘á»ƒ sá»‘ng, má»™t lÃ½ tÆ°á»Ÿng Ä‘áº¹p Ä‘á»ƒ vÆ°Æ¡n Ä‘áº¿n, nhá» váº­y mÃ  tÃ´i má»›i vÆ°á»£t lÃªn Ä‘Æ°á»£c má»i nghá»‹ch cáº£nh váº«n khÃ´ng ngá»«ng thá»­ thÃ¡ch tÃ´i.  

Má»i ngÆ°á»i tháº¥y khÃ´ng, tÃ´i Ä‘ang vÃ¬ chÃ­nh tÃ´i Ä‘Ã³. ChÃ­nh nhá»¯ng yÃªu thÆ°Æ¡ng tin tÆ°á»Ÿng cá»§a má»i ngÆ°á»i Ä‘Ã£ giÃºp tÃ´i tÃ¬m Ä‘Æ°á»£c lÃ½ do Ä‘á»ƒ sá»‘ng. Nhá»¯ng ná»— lá»±c há»c há»i, trau rÃ¨n, hoÃ n thiá»‡n hÆ¡n tá»«ng ngÃ y lÃ  Ä‘á»ƒ tháº¥y cuá»™c sá»‘ng cá»§a tÃ´i cÃ²n cÃ³ Ã½ nghÄ©a, cÃ²n cÃ³ giÃ¡ trá»‹ vÃ  cáº§n cho cuá»™c Ä‘á»i. 

Äá»c nhá»¯ng gÃ¬ bÃ¡c sÄ© tÃ¢m lÃ½ Frankl viáº¿t trong ""Äi tÃ¬m láº½ sá»‘ng"", tÃ´i liÃªn tÆ°á»Ÿng Ä‘áº¿n báº£n thÃ¢n mÃ¬nh. TÃ´i tháº¥y tÃ´i ""Ä‘Ã£ cÃ³ cÆ¡ há»™i Ä‘áº¡t Ä‘Æ°á»£c Ä‘iá»u gÃ¬ Ä‘Ã³ tá»« chÃ­nh ná»—i Ä‘au cá»§a mÃ¬nh."" TÃ´i tháº¥y tÃ´i sá»‘ng xá»©ng Ä‘Ã¡ng vá»›i nhá»¯ng ná»—i Ä‘au mÃ  tÃ´i Ä‘Ã£ vÃ  Ä‘ang chá»‹u Ä‘á»±ng. 
TÃ´i Ä‘Ã£ khÃ´ng Ä‘á»ƒ sá»‘ pháº­n Ä‘á»‹nh Ä‘oáº¡t mÃ  Ä‘Ã£ cá»‘ gáº¯ng vÆ°á»£t lÃªn. TÃ´i khÃ´ng chá»‰ Ä‘Æ¡n giáº£n tá»“n táº¡i mÃ  Ä‘Ã£ tÃ¬m Ä‘Æ°á»£c má»¥c Ä‘Ã­ch tá»“n táº¡i cá»§a mÃ¬nh vÃ  quyáº¿t Ä‘á»‹nh vá» con ngÆ°á»i mÃ  mÃ¬nh muá»‘n trá»Ÿ thÃ nh. TÃ´i Ä‘Ã£ tháº¥y Ä‘Æ°á»£c ráº±ng con ngÆ°á»i cÃ³ thá»ƒ lÃ m cho tháº¿ giá»›i trá»Ÿ nÃªn tá»‘t Ä‘áº¹p hÆ¡n cÅ©ng nhÆ° cÃ³ thá»ƒ thay Ä‘á»•i chÃ­nh mÃ¬nh Ä‘á»ƒ trá»Ÿ thÃ nh ngÆ°á»i Æ°u tÃº hÆ¡n. NhÆ° tÃ´i, Ä‘ang lÃ m tá»«ng viá»‡c nhá» tá»­ táº¿, Ä‘ang sá»­a mÃ¬nh má»—i ngÃ y. ""Tháº¿ giá»›i á»Ÿ trong tÃ¬nh tráº¡ng tá»“i tá»‡, nhÆ°ng má»i thá»© sáº½ váº«n tá»“i tá»‡ trá»« khi má»—i chÃºng ta cá»‘ gáº¯ng háº¿t mÃ¬nh.""
Tháº¿ giá»›i nÃ y trÃ´ng Ä‘á»£i á»Ÿ chÃºng ta, tÃ´i vÃ  cÃ¡c báº¡n, cÃ¹ng gÃ³p pháº§n lÃ m cho tháº¿ giá»›i tá»‘t Ä‘áº¹p hÆ¡n, báº¡n nhÃ©. 
Má»—i chÃºng ta lÃ  má»™t bÃ´ng hoa, sáº½ cÃ³ lÃºc Ãºa tÃ n, váº«n thanh tháº£n, vÃ¬ Ä‘Ã£ dÃ¡m sá»‘ng háº¿t mÃ¬nh Ä‘á»ƒ dÃ¢ng cho Ä‘á»i dÃ¹ chá»‰ má»™t chÃºt hÆ°Æ¡ng.

Ã nghÄ©a cuá»™c sá»‘ng cá»§a Frankl lÃ  giÃºp nhá»¯ng ngÆ°á»i khÃ¡c tÃ¬m ra Ã½ nghÄ©a cuá»™c sá»‘ng cá»§a há».

Ã nghÄ©a cá»§a cuá»‘n sÃ¡ch ""Äi tÃ¬m láº½ sá»‘ng"" vá»›i tÃ´i lÃ  giÃºp tÃ´i tin hÆ¡n vÃ o nhá»¯ng gÃ¬ tÃ´i chá»n, nhá»¯ng gÃ¬ tÃ´i Ä‘ang sá»‘ng. 

CÃ²n báº¡n, hÃ£y cÃ¹ng Ä‘á»c cuá»‘n sÃ¡ch nÃ y vÃ  cÃ¹ng suy ngáº«m nhÃ©.

--------
Ná»­a Ä‘áº§u cá»§a cuá»‘n sÃ¡ch ká»ƒ vá» tráº£i nghiá»‡m khá»§ng khiáº¿p cá»§a tÃ¡c giáº£ trong tráº¡i táº­p trung, cÃ³ xen káº½ nhá»¯ng suy nghÄ© cá»§a má»™t bÃ¡c sÄ© tÃ¢m lÃ½. 

Ná»­a sau cá»§a cuá»‘n sÃ¡ch phÃ¢n tÃ­ch nhiá»u vá» tÃ¢m lÃ½. CÃ¡c báº¡n Ä‘ang muá»‘n tÃ¬m hiá»ƒu vá» tÃ¢m lÃ½, hoáº·c cÃ³ thá»ƒ chÃ­nh báº¡n Ä‘ang gáº·p cÃ¡c váº¥n Ä‘á» vá» tÃ¢m lÃ½, vÃ­ dá»¥ tr.áº§.m cáº£m, rá»‘i loáº¡n th.áº§.n kinh, tráº¡ng thÃ¡i tá»“n táº¡i chÃ¢n khÃ´ng... trá»‘ng rá»—ng, chÃ¡n náº£n, khÃ´ng má»¥c Ä‘Ã­ch... thÃ¬ cÅ©ng nÃªn Ä‘á»c cuá»‘n nÃ y nhÃ©.

--------
TÃ´i Ä‘á»c cáº£ trÆ°a Ä‘áº¿n hÆ¡n 13h xong cuá»‘n ""Äi tÃ¬m láº½ sá»‘ng"". 
Äá»c xong má»—i cuá»‘n sÃ¡ch tÃ´i thÆ°á»ng chÆ°a ""thoÃ¡t"" ra Ä‘Æ°á»£c ngay. MÃ  cuá»‘n nÃ y sá»± Ã¡m áº£nh cÃ³ láº½ cÃ²n theo tÃ´i lÃ¢u hÆ¡n ná»¯a. Cuá»™c sá»‘ng cá»§a nhá»¯ng ngÆ°á»i tÃ¹ trong tráº¡i táº­p trung cá»§a Äá»©c quá»‘c xÃ£, trong Ä‘Ã³ cÃ³ tÃ¡c giáº£ VIKTOR E. FRANKL (má»™t bÃ¡c sÄ© tÃ¢m lÃ½) tháº­t sá»± lÃ  táº­n cÃ¹ng cá»§a ná»—i Ä‘au cáº£ thá»ƒ cháº¥t láº«n tinh tháº§n, sá»‘ng trong sá»£ hÃ£i, vÃ´ vá»ng, cÃ¡i ch.áº¿t vÃ  sá»± tÃ n báº¡o luÃ´n diá»…n ra trÆ°á»›c máº¯t. Sá»‘ má»‡nh cá»§a tá»«ng con ngÆ°á»i phá»¥ thuá»™c vÃ o tÃ¢m tráº¡ng cá»§a nhá»¯ng tÃªn lÃ­nh canh, giÃ¡ trá»‹ cá»§a má»™t ngÆ°á»i cháº³ng cÃ³ gÃ¬ ngoÃ i con sá»‘ thá»© tá»± cá»§a tÃ¹ nhÃ¢n. ÄÃ³i, Ä‘au, rÃ©t, kiá»‡t sá»©c... chá»‰ cÃ²n da bá»c xÆ°Æ¡ng vá»›i bá»™ quáº§n Ã¡o rÃ¡ch nÃ¡t thÃ¬ báº¡n váº«n pháº£i lÃ m sao Ä‘á»ƒ khÃ´ng bá»‹ nhÃ¬n ra lÃ  báº¡n khÃ´ng cÃ²n sá»©c lÃ m viá»‡c, náº¿u khÃ´ng báº¡n sáº½ bá»‹ Ä‘em Ä‘áº¿n phÃ²ng hÆ¡i ngáº¡t hoáº·c lÃ² thiÃªu. Báº¡n tá» ra kinh tá»Ÿm khi phÃ¢n báº¯n lÃªn máº·t báº¡n vÃ  Ä‘Æ°a tay quá»‡t lÃºc báº¡n dá»n háº§m xÃ­ Æ°, báº¡n sáº½ bá»‹ Ä‘Ã¡nh Ä‘áº­p tÃ n nháº«n hoáº·c nháº­n lÃ£nh cÃ¡i ch.áº¿t. KhÃ´ng cÃ³ háº¡n Ä‘á»‹nh nÃ o cho sá»± chá»‹u Ä‘á»±ng, khÃ´ng cÃ³ tin tá»©c gÃ¬ cá»§a ngÆ°á»i thÃ¢n, khÃ´ng má»™t tia hi vá»ng lÃ  mÃ¬nh cÃ³ thá»ƒ sá»‘ng Ä‘Æ°á»£c Ä‘áº¿n ngÃ y tá»± do...
Nhá»¯ng ngÆ°á»i tÃ¹ dáº§n trá»Ÿ nÃªn vÃ´ cáº£m trÆ°á»›c cÃ¡i Ã¡c, há» cÃ³ thá»ƒ trá»Ÿ nÃªn tÃ n nháº«n, sá»± quan tÃ¢m duy nháº¥t lÃ  lÃ m sao Ä‘á»ƒ giá»¯ Ä‘Æ°á»£c máº¡ng sá»‘ng cá»§a chÃ­nh há»...

Trong sá»± tá»‘i tÄƒm Ä‘Ã¡ng sá»£ vÃ  vÃ´ vá»ng Ä‘Ã³, liá»‡u con ngÆ°á»i ta cÃ³ trá»Ÿ nÃªn vÃ´ cáº£m nhÆ° nhau?
Tháº­t má»«ng lÃ  váº«n cÃ³ nhá»¯ng Ä‘iá»ƒm sÃ¡ng, váº«n cÃ³ nhá»¯ng ngÆ°á»i tÃ¹ giá»¯ Ä‘Æ°á»£c pháº©m giÃ¡ tá»­ táº¿ cá»§a má»™t con ngÆ°á»i. DÃ¹ ráº¥t Ã­t, mÃ  Ä‘á»§ cho ta tin ráº±ng dÃ¹ trong báº¥t cá»© hoÃ n cáº£nh nÃ o thÃ¬ con ngÆ°á»i ta váº«n cÃ³ sá»± lá»±a chá»n, khÃ´ng buÃ´ng xuÃ´i Ä‘á»ƒ cho hoÃ n cáº£nh nhÃ o náº·n. (Tr98,99)

VÃ  cÃ¹ng trong mÃ´i trÆ°á»ng Ä‘Ã³, táº¡i sao cÃ³ nhá»¯ng ngÆ°á»i nhá» bÃ© gáº§y yáº¿u váº«n sá»‘ng sÃ³t, cÃ²n nhá»¯ng ngÆ°á»i trÃ´ng cÃ³ váº» khá»e hÆ¡n láº¡i khÃ´ng thá»ƒ vÆ°á»£t qua?
Báº¡n cÃ³ tin khÃ´ng, Ä‘Ã³ lÃ  nhá» sá»©c máº¡nh tinh tháº§n báº¡n áº¡. 
NhÆ° tÃ¡c giáº£ trÃ­ch dáº«n lá»i cá»§a Nietzsche: ""NgÆ°á»i nÃ o cÃ³ lÃ½ do Ä‘á»ƒ sá»‘ng thÃ¬ cÃ³ thá»ƒ tá»“n táº¡i trong má»i nghá»‹ch cáº£nh.""
Chá»‰ nhá»¯ng ngÆ°á»i tá»± nuÃ´i dÆ°á»¡ng cho mÃ¬nh má»™t lÃ½ do Ä‘á»ƒ sá»‘ng, vÃ¬ cÃ¡i gÃ¬, vÃ¬ ai... thÃ¬ má»›i Ä‘á»§ sá»©c máº¡nh Ä‘á»ƒ cá»‘ gáº¯ng vÃ  kiÃªn nháº«n, tháº¥y Ä‘Æ°á»£c sá»± chá»‹u Ä‘á»±ng ná»—i Ä‘au cÅ©ng cÃ³ Ã½ nghÄ©a.

------
Tr100:
""CÃ¡ch má»™t ngÆ°á»i cháº¥p nháº­n sá»‘ pháº­n vÃ  nhá»¯ng Ä‘au khá»• cá»§a mÃ¬nh, cÃ¡ch má»™t ngÆ°á»i dÃ¡m vÆ°á»£t qua nhá»¯ng thá»­ thÃ¡ch Ä‘Ã³ Ä‘em láº¡i cho ngÆ°á»i áº¥y nhiá»u cÆ¡ há»™i Ä‘á»ƒ hiá»ƒu Ä‘Æ°á»£c Ã½ nghÄ©a sÃ¢u xa hÆ¡n cá»§a cuá»™c sá»‘ng ngay cáº£ trong nhá»¯ng hoÃ n cáº£nh kháº¯c nghiá»‡t nháº¥t. NgÆ°á»i Ä‘Ã³ cÃ³ thá»ƒ giá»¯ Ä‘Æ°á»£c lÃ²ng dÅ©ng cáº£m, tá»± trá»ng vÃ  bao dung. Hoáº·c trong lÃºc Ä‘áº¥u tranh sinh tá»“n, ngÆ°á»i Ä‘Ã³ cÃ³ thá»ƒ quÃªn Ä‘i pháº©m giÃ¡ cá»§a mÃ¬nh vÃ  trá»Ÿ nÃªn khÃ´ng khÃ¡c gÃ¬ má»™t con thÃº. á» Ä‘Ã¢y áº©n chá»©a cÆ¡ há»™i mÃ  má»™t ngÆ°á»i cÃ³ thá»ƒ táº­n dá»¥ng hoáº·c bá» qua Ä‘á»ƒ náº¯m giá»¯ cÃ¡c giÃ¡ trá»‹ Ä‘áº¡o Ä‘á»©c mÃ  nghá»‹ch cáº£nh Ä‘em láº¡i. VÃ  Ä‘iá»u nÃ y quyáº¿t Ä‘á»‹nh viá»‡c ngÆ°á»i Ä‘Ã³ cÃ³ xá»©ng Ä‘Ã¡ng vá»›i ná»—i Ä‘au khá»• cá»§a mÃ¬nh hay khÃ´ng.""

Tr101:
""Chá»‰ cÃ³ má»™t sá»‘ Ã­t tÃ¹ nhÃ¢n giá»¯ Ä‘Æ°á»£c sá»± tá»± do bÃªn trong vÃ  hiá»ƒu Ä‘Æ°á»£c giÃ¡ trá»‹ mÃ  nhá»¯ng Ä‘au khá»• Ä‘em láº¡i, nhÆ°ng chá»‰ riÃªng nhá»¯ng vÃ­ dá»¥ áº¥y thÃ´i cÅ©ng Ä‘Ã£ Ä‘á»§ chá»©ng minh ráº±ng sá»©c máº¡nh bÃªn trong cá»§a con ngÆ°á»i cÃ³ thá»ƒ giÃºp ngÆ°á»i áº¥y vÆ°á»£t lÃªn sá»‘ pháº­n. Nhá»¯ng ngÆ°á»i nhÆ° váº­y khÃ´ng chá»‰ cÃ³ á»Ÿ trong cÃ¡c tráº¡i táº­p trung. á» Ä‘Ã¢u con ngÆ°á»i cÅ©ng pháº£i Ä‘Æ°Æ¡ng Ä‘áº§u vá»›i sá»‘ pháº­n vÃ  cÅ©ng cÃ³ cÆ¡ há»™i Ä‘áº¡t Ä‘Æ°á»£c Ä‘iá»u gÃ¬ Ä‘Ã³ tá»« chÃ­nh ná»—i Ä‘au cá»§a mÃ¬nh.""

Tr176
""TÃ´i váº«n cho ráº±ng con ngÆ°á»i khÃ´ng hoÃ n toÃ n bá»‹ lá»‡ thuá»™c vÃ  bá»‹ Ä‘á»‹nh Ä‘oáº¡t bá»Ÿi sá»‘ pháº­n mÃ  ngÆ°á»£c láº¡i, cÃ²n tá»± quyáº¿t Ä‘á»‹nh vá» viá»‡c há» sáº½ Ä‘á»ƒ hoÃ n cáº£nh cuá»‘n Ä‘i hay sáº½ vÆ°á»£t qua chÃºng. NÃ³i cÃ¡ch khÃ¡c, con ngÆ°á»i váº«n lÃ  ngÆ°á»i quyáº¿t Ä‘á»‹nh sau cÃ¹ng. Con ngÆ°á»i khÃ´ng Ä‘Æ¡n giáº£n tá»“n táº¡i mÃ  há» cÃ²n luÃ´n quyáº¿t Ä‘á»‹nh má»¥c Ä‘Ã­ch tá»“n táº¡i cá»§a mÃ¬nh vÃ  quyáº¿t Ä‘á»‹nh cáº£ vá» con ngÆ°á»i mÃ  há» muá»‘n trá»Ÿ thÃ nh.""

Tr177
""...Con ngÆ°á»i cÃ³ kháº£ nÄƒng biáº¿n Ä‘á»•i tháº¿ giá»›i trá»Ÿ nÃªn tá»‘t Ä‘áº¹p hÆ¡n cÅ©ng nhÆ° cÃ³ thá»ƒ thay Ä‘á»•i chÃ­nh mÃ¬nh Ä‘á»ƒ trá»Ÿ thÃ nh ngÆ°á»i Æ°u tÃº hÆ¡n.""

---------
""ÄÃ¢y Ä‘Ãºng lÃ  má»™t trong nhá»¯ng quyá»ƒn sÃ¡ch kinh Ä‘iá»ƒn cá»§a thá»i Ä‘áº¡i."" - Harold S. Kushner.

Tráº¡i táº­p trung Äá»©c quá»‘c xÃ£ - cÆ¡n Ã¡c má»™ng cá»§a con ngÆ°á»i, sá»± *** cÃ¹ng cá»§a thá»ƒ xÃ¡c vÃ  tÃ¢m há»“n. ÄÃ¢u lÃ  con Ä‘Æ°á»ng sá»‘ng sÃ³t trong nhá»¯ng giÃ¢y phÃºt hoang mang, sá»£ hÃ£i, Ä‘á»›n Ä‘au, máº¥t hy vá»ng, vÃ  láº§m láº¡c láº½ sá»‘ng... NgÆ°á»i trá»Ÿ vá» Ä‘Æ°á»£c thÃ¬ sao? Trá»Ÿ vá» vÃ  biáº¿t ráº±ng khÃ´ng cÃ²n ai chá» Ä‘á»£i mÃ¬nh, trá»Ÿ vá» vá»›i nhá»¯ng váº¿t sáº¹o tÃ¢m há»“n, nhá»¯ng giáº±ng xÃ© ná»™i tÃ¢m, nhá»¯ng áº¥m á»©c tÃ¢m lÃ½ vÃ  hoÃ n toÃ n máº¥t Ä‘i láº½ sá»‘ng, rá»“i sáº½ bá»‹ biáº¿n dáº¡ng nhÃ¢n tÃ­nh, trá»Ÿ nÃªn cay Ä‘áº¯ng vá»›i cuá»™c Ä‘á»i. 

Vá»›i tÆ° cÃ¡ch lÃ  má»™t bÃ¡c sÄ© tÃ¢m lÃ½, sau khi tráº£i qua cáº£nh Ä‘á»‹a ngá»¥c tráº§n gian Ä‘Ã³, Frankl káº¿t luáº­n ráº±ng ngay cáº£ trong hoÃ n cáº£nh vÃ´ nghÄ©a, Ä‘au Ä‘á»›n vÃ  nháº«n tÃ¢m nháº¥t, cuá»™c sá»‘ng váº«n tiá»m áº©n Ã½ nghÄ©a. Ã”ng dáº¡y mÃ¬nh vÃ  ngÆ°á»i khÃ¡c khÃ´ng bao giá» Ä‘Æ°á»£c quÃªn ráº±ng chÃºng ta váº«n cÃ³ thá»ƒ tÃ¬m tháº¥y Ã½ nghÄ©a cá»§a cuá»™c Ä‘á»i ngay cáº£ khi Ä‘á»‘i diá»‡n vá»›i má»™t tÃ¬nh huá»‘ng vÃ´ vá»ng, má»™t sá»‘ pháº­n khÃ´ng thá»ƒ thay Ä‘á»•i. Bá»Ÿi láº½, Ã½ nghÄ©a cá»§a cuá»™c sá»‘ng cÃ³ thá»ƒ tÃ¬m tháº¥y trong má»i khoáº£nh kháº¯c; cuá»™c sá»‘ng khÃ´ng bao giá» máº¥t háº¿t Ã½ nghÄ©a, ngay cáº£ khi pháº£i chá»‹u Ä‘au Ä‘á»›n vÃ  cÃ¡i cháº¿t.

""ÄI TÃŒM Láº¼ Sá»NG"" Ä‘Ã£ trá»Ÿ thÃ nh má»™t cuá»‘n sÃ¡ch kinh Ä‘iá»ƒn vÃ  sáº½ luÃ´n lÃ  phÆ°Æ¡ng thuá»‘c há»¯u hiá»‡u nÃ¢ng Ä‘á»¡ tinh tháº§n con ngÆ°á»i, nháº¥t lÃ  trong cuá»™c sá»‘ng ngÃ y nay. Khi Ä‘á»‘i máº·t vá»›i cáº£m giÃ¡c tuyá»‡t vá»ng vÃ¬ máº¥t Ä‘i táº¥t cáº£, hÃ£y nhá»› ráº±ng Ä‘Ã£ cÃ³ nhá»¯ng ngÆ°á»i nhÆ° Frankl.",5,1675473198
"Giao hÃ ng nhanh, nhÆ°ng váº­n chuyá»ƒn bá»‹ rÃ¡ch 1 gÃ³c cá»§a thÃ¹ng dáº«n tá»›i tráº§y sÃ¡ch rá»“i. SÃ¡ch in Ä‘áº¹p.",5,1689570640
"SÃ¡ch giao nhanh láº¯m luÃ´n, Ä‘áº·t hÃ´m trÆ°á»›c hÃ´m sau cÃ³ rá»“i Ã½. SÃ¡ch má»›i, cÃ²n nguyÃªn seal. Ná»™i dung sÃ¡ch thÃ¬ mÃ¬nh chÆ°a Ä‘á»c nÃªn chÆ°a thá»ƒ review trÆ°á»›c Ä‘Æ°á»£c.",5,1708492043
"SÃ¡ch cÅ©ng hay. Náº¿u báº¡n nÃ o thÃ­ch quyá»ƒn sÃ¡ch nÃ y thÃ¬ cÃ¡c báº¡n cÃ³ thá»ƒ Ä‘á»c thÃªm Sá»± lá»±a chá»n cá»§a Edith Eva Eger, bÃ  cÅ©ng lÃ  ngÆ°á»i sá»‘ng sÃ³t trá»Ÿ vá» tá»« tháº£m há»a diá»‡t chá»§ng Holocaust, má»i thá»© Ä‘i vÃ o lÃ²ng ngÆ°á»i tinh táº¿ hÆ¡n quyá»ƒn nÃ y. 1 quyá»ƒn sÃ¡ch Ä‘Ã£ chá»¯a lÃ nh vÃ  vá»±c dáº­y tinh tháº§n mÃ¬nh ráº¥t nhiá»u.",5,1657176005
"SÃ¡ch Ä‘Æ°á»£c Ä‘Ã³ng gÃ³i cáº©n tháº­n áº¡. Vá» ná»™i dung, cuá»‘n nÃ y mÃ¬nh Ä‘Ã£ Ä‘á»c báº£n tiáº¿ng Anh vÃ  tháº¥y hay nÃªn mua báº£n tiáº¿ng viá»‡t áº¡ hÃª hÃª.",5,1654927896
"SÃ¡ch khÃ´ng há»£p gu mÃ¬nh láº¯m, pháº§n Ä‘áº§u nÃ³i vá» quÃ¡ trÃ¬nh á»Ÿ trong tráº¡i táº­p trung cá»§a Äá»©c quá»‘c xÃ£, cÃ²n pháº§n 2 nÃ³i vá» cÃ¡ch Ä‘á»ƒ tÃ¬m tháº¥y láº½ sá»‘ng.",5,1717210993
"SÃ¡ch khÃ¡ nhá» gá»n, máº·c dÃ¹ mÃ¬nh chÆ°a Ä‘á»c háº¿t nhÆ°ng mÃ¬nh cháº¯c lÃ  ná»™i dung sÃ¡ch sáº½ giÃºp mÃ¬nh ráº¥t nhiá»u, cÃ¡ch Ä‘Ã³ng hÃ ng vÃ  ship ráº¥t ok",5,1691916039
"chá»‰ má»›i Ä‘á»c lá»i má»Ÿ Ä‘áº§u nhÆ°ng cÅ©ng Ä‘Ã£ tháº¥y ráº¥t cuá»‘n, báº£n dá»‹ch ráº¥t thu hÃºt, tiki giao hÃ ng nhanh chÃ³ng hÆ¡n cáº£ dá»± tÃ­nh, sÃ¡ch giao tá»›i sáº¡ch Ä‘áº¹p, trÃªn cáº£ tuyá»‡t vá»i",5,1648976071
"SÃ¡ch ráº¥t hay, giÃºp ngÆ°á»i Ä‘á»c hiá»ƒu Ä‘Æ°á»£c tráº£i nghiá»‡m tÃ¢m lÃ½ cá»§a nhá»¯ng ngÆ°á»i tÃ¹ trong tráº¡i táº­p trung cá»§a Äá»©c Quá»‘c XÃ£. Tá»« Ä‘Ã³ tÃ¡c giáº£ rÃºt ra má»™t káº¿t luáº­n ráº¥t Ã½ nghÄ©a mang tÃ­nh thay Ä‘á»•i cuá»™c sá»‘ng cá»§a nhiá»u ngÆ°á»i lÃ  con ngÆ°á»i luÃ´n cÃ³ thá»ƒ tá»± do lá»±a chá»n thÃ¡i Ä‘á»™ hay cÃ¡ch pháº£n á»©ng láº¡i vá»›i cÃ¡c sá»± viá»‡c sáº£y Ä‘áº¿n vá»›i mÃ¬nh trong báº¥t ká»³ hoÃ n cáº£nh nÃ o.",5,1662175592
"Ship nhanh. Äáº·t hÃ´m trÆ°á»›c hÃ´m sau cÃ³ luÃ´n. ÄÃ³ng gÃ³i cáº©n tháº­n, khÃ´ng xÃ¢y xÆ°á»›c táº¹o nÃ o. SÃ¡ch nÃ y thÃ¬ thuá»™c top kinh Ä‘iá»ƒn rá»“i nÃªn khÃ´ng cÃ³ gÃ¬ Ä‘á»ƒ nÃ³i =)))",5,1692840797
"sÃ¡ch Ä‘áº¹p, giao hÃ ng nhanh. M Ä‘Æ°á»£c chá»‹ Ä‘á»“ng nghiá»‡p giá»›i thiá»‡u sÃ¡ch nÃ y nghe nÃ³i hay láº¯m. M váº«n chÆ°a cÃ³ time Ä‘á»c Ä‘Æ°á»£c. Hi vá»ng cÃ³ thá»ƒ cÃ³ thÃªm nhiá»u kiáº¿n thá»©c tá»« nhá»¯ng cuá»‘n sÃ¡ch nÃ y.",5,1650119269
"Tiki giao nhanh, sÃ¡ch sáº¡ch Ä‘áº¹p, khÃ´ng hÆ° rÃ¡ch gÃ¬. Ná»™i dung sÃ¡ch khá»i pháº£i bÃ n, lÃ  quyá»ƒn sÃ¡ch sáº½ pháº£i Ä‘á»c láº¡i nhiá»u láº§n Ä‘á»ƒ ngáº«m vá» Ã½ nghÄ©a cá»§a cuá»™c sá»‘ng nÃ y.",5,1700841787
"Má»™t cuá»‘n sÃ¡ch vÃ´ cÃ¹ng Ã½ nghÄ©a vÃ  Ä‘Ã¡ng Ä‘á»c.
Ná»™i dung sÃ¡ch Ä‘Æ°á»£c chia thÃ nh 2 pháº§n. MÃ¬nh thÃ­ch pháº§n 1 hÆ¡n. Pháº§n 2 tÃ¡c giáº£ nÃªu lÃªn nhiá»u Ã½ thÃº vá»‹, nhÆ°ng do ná»™i dung pháº§n nÃ y Ä‘Ã o sÃ¢u vÃ o chuyÃªn mÃ´n tÃ¢m lÃ½ há»c cá»§a tÃ¡c giáº£ nÃªn nhá»¯ng báº¡n chÆ°a quen vá»›i cÃ¡c thuáº­t ngá»¯ há»c thuáº­t trong ngÃ nh tÃ¢m lÃ½ thÃ¬ Ä‘á»c cÃ³ thá»ƒ sáº½ cáº£m tháº¥y khÃ³ hiá»ƒu má»™t chÃºt.",5,1655270102
"Giao hÃ ng nhanh
Tiki luÃ´n tuyá»‡t vá»i, gÃ³i Ä‘áº¹p
cháº¥t lÆ°á»£ng sÃ¡ch Tuyá»‡t vá»i Ã´ng máº·t trá»i
Vá» ná»™i dung sÃ¡ch: toÃ n nhá»¯ng tÃ¡c pháº©m bÃ¡n cháº¡y toÃ n cáº§u thÃ¬ cháº¥t lÆ°á»£ng khÃ´ng pháº£i bÃ n.
Vá» giÃ¡ cáº£: ráº» khÃ´ng tÆ°á»Ÿng

Xin cáº£m Æ¡n TIKI â¤ï¸â¤ï¸â¤ï¸",5,1657101003
"Giao hÃ ng nhanh
Tiki luÃ´n tuyá»‡t vá»i, gÃ³i Ä‘áº¹p
cháº¥t lÆ°á»£ng sÃ¡ch Tuyá»‡t vá»i Ã´ng máº·t trá»i
Vá» ná»™i dung sÃ¡ch: toÃ n nhá»¯ng tÃ¡c pháº©m bÃ¡n cháº¡y toÃ n cáº§u thÃ¬ cháº¥t lÆ°á»£ng khÃ´ng pháº£i bÃ n.
Vá» giÃ¡ cáº£: ráº» khÃ´ng tÆ°á»Ÿng

Xin cáº£m Æ¡n TIKI â¤ï¸â¤ï¸â¤ï¸",5,1657099775
"cÃ³ thá»ƒ hiá»‡n nay mÃ¬nh chÆ°a cÃ³ há»©ng thÃº Ä‘á»ƒ tÃ¬m hiá»ƒu vá» tÃ¢m lÃ½ há»c nÃªn mÃ¬nh Ä‘Ã£ dá»«ng viá»‡c Ä‘á»c sÃ¡ch sau khi káº¿t thÃºc chÆ°Æ¡ng 1. quyá»ƒn sÃ¡ch cÃ ng cá»§ng cá»‘ cho mÃ¬nh niá»m tin ráº±ng hoÃ n cáº£nh chá»‰ tÃ¡c Ä‘á»™ng lÃªn cÃ¡ch con ngÆ°á»i nhÃ¬n nháº­n sá»± viá»‡c chá»© khÃ´ng tha hoÃ¡ con ngÆ°á»i, vÃ  cÃ¡ch báº¡n nhÃ¬n nháº­n ra sao lÃ  do sá»± tá»± do trong Ã½ chÃ­ cá»§a báº¡n quyáº¿t Ä‘á»‹nhâ€¦",4,1654586486
"ÄÃ¢y lÃ  láº§n 2 mÃ¬nh mua bÃªn Fahasa, mÃ¬nh ráº¥t hÃ i lÃ²ng vá» viá»‡c Fahasa Ä‘Ã£ gÃ³i kÄ© nhá»¯ng cuá»‘n sÃ¡ch mÃ¬nh Ä‘áº·t, cÃ³ bá»c ni lÃ´ng, kh bá»‹ mÃ³p gÃ³c, sÃ¡ch má»›i tinh. Ná»™i dung cuá»‘n nÃ y mÃ¬nh chÆ°a Ä‘á»c nhÆ°ng nhÃ¬n sÆ¡ qua cÃ³ váº» hay, cÃ¡c b nÃªn mua nhÃ©",5,1645939930
"Ná»™i dung cáº£m Ä‘á»™ng, bá»‘ cá»¥c 2 pháº§n",5,1677021011
"vá»«a Ä‘áº·t hÃ´m qua hnay Ä‘Ã£ nháº­n Ä‘c luÃ´n rá»“i, sÃ¡ch cÃ³ bá»c má»›i cá»©ng, ráº¥t Æ°ng nhÃ© â¤ï¸",5,1727835894
"NÃ´in dung sÃ¡ch hay ho
GÃ³i hÃ ng xinh cáº©n tháº­n",5,1727929289
Nhiá»u ngÆ°á»i recommend quÃ¡ :)) mua vá» Ä‘á»c thá»­ xem sao nma trc máº¯t lÃ  bookcare 10â‚« bá»‹ cÃ¡i lÃ  bookcare h má»ng hÆ¡n trc nhiá»u láº¯m luÃ´n,5,1694074661
Cuá»‘n sÃ¡ch ráº» nháº¥t trong láº§n mua hÃ ng nÃ y cá»§a mk nhÆ°ng cÃ³ láº½ láº¡i lÃ  cuá»‘n mk hÃ i lÃ²ng nháº¥t tá»« cháº¥t lÆ°á»£ng Ä‘áº¿n ná»™i dung. Thá»±c sá»± vá»›i giÃ¡ tiá»n nÃ y lÃ  ráº» so vá»›i cháº¥t lÆ°á»£ng. Mn nÃªn mua nha,5,1668225393
"Má»˜T CHÃšT Dá»„ THÆ¯Æ NG CUá»I NGÃ€Y ğŸ¥°ğŸ¥°ğŸ¥°

Má»™t báº¡n nhá» á»Ÿ Báº¯c Ninh, khi biáº¿t Ä‘áº¿n chÆ°Æ¡ng trÃ¬nh quyÃªn gÃ³p thiáº¿t bá»‹ há»c táº­p cho cÃ¡c báº¡n há»c sinh khÃ³ khÄƒn, Ä‘Ã£ cÃ¹ng máº¹ quyÃªn gÃ³p má»™t bá»™ Ä‘áº§y Ä‘á»§ gá»“m Ä‘iá»‡n thoáº¡i má»›i, sim, tháº» Ä‘iá»‡n thoáº¡i,... Báº¡n há»c sinh nháº­n Ä‘Æ°á»£c mÃ³n quÃ  nÃ y cháº¯c cháº¯n sáº½ vui láº¯m!

Ná»™i dung bá»©c thÆ° tháº­t Ä‘Ã¡ng yÃªu cá»§a báº¡n Háº£i Anh nhÆ° sau:

""ChÃ o báº¡n, tá»› tÃªn lÃ  Nguyá»…n Háº£i Anh, nÄƒm nay tá»› 7 tuá»•i. Tá»› á»Ÿ Báº¯c Ninh. Máº¹ tá»› nÃ³i, báº¡n khÃ´ng cÃ³ Ä‘iá»‡n thoáº¡i Ä‘á»ƒ há»c Zoom, nÃªn tá»› vÃ  máº¹ gá»­i táº·ng báº¡n chiáº¿c Ä‘iá»‡n thoáº¡i nÃ y. Mong báº¡n há»c tháº­t tá»‘t!""

Háº£i Anh (Pass mÃ¡y lÃ : 0000)""

Cre: Má»—i ngÃ y má»™t quáº£ trá»©ng",5,1632324083
"Náº¿u báº¡n cÃ³ duyÃªn nhÃ¬n tháº¥y cuá»‘n sÃ¡ch nÃ y thÃ¬ hÃ£y Ä‘á»c nÃ³ cÃ ng sá»›m cÃ ng tá»‘t. Cuá»™c Ä‘á»i sáº½ cho báº¡n nhÃ¬n tháº¥y nhá»¯ng Ä‘iá»u tuyá»‡t vá»i!
ÄÃ¢y lÃ  cuá»‘n sÃ¡ch ráº¥t ráº¥t Ä‘Ã¡ng dÃ nh thá»i gian Ä‘á»ƒ Ä‘á»c. Biáº¿t Æ¡n TÃ¡c giáº£ Gs. Ts Viktor E. Frankl vÃ  nhá»¯ng tráº£i nghiá»‡m quÃ½ giÃ¡ cá»§a ngÃ i..",5,1617938713
ÄÃ³ng gÃ³i cáº©n tháº­n giao nhanh. Má»›i Ä‘áº·t hÃ´m qua. HÃ´m nay Ä‘Ã£ giao Ä‘áº¿n. NhÃ¬n chung lÃ  hÃ¬nh thá»©c quÃ¡ lÃ  ok. CÃ²n ná»™i dung sÃ¡ch thÃ¬ bÃ¢y giá» mÃ¬nh Ä‘á»c Ä‘Ã¢yy ğŸ¤£,5,1652522446
"SÃ¡ch cÃ³ seal, tuy khÃ´ng cÃ³ bookcare nma may lÃ  khÃ´ng bá»‹ mÃ³p. Giao hÃ ng nhanh",5,1726230366
Má»™t cÃ¢u chuyá»‡n Ã½ nghÄ©a vÃ  Ä‘Ã£ quÃ¡ ná»•i tiáº¿ng. NhÆ°ng phÃ­a sau cÅ©ng lÃ  nhá»¯ng khÃ¡i niá»‡m má»›i máº» vá» tÃ¢m lÃ½ con ngÆ°á»i mÃ  má»—i ngÆ°á»i cÃ³ thá»ƒ cÃ³ cho mÃ¬nh nhá»¯ng suy nghÄ© riÃªng,5,1671002932
SÃ¡ch vá»«a Ä‘á»c vá»«a rá»¥ng ra â˜¹ï¸,2,1724236456
Thá»i gian váº­n chuyá»ƒn ráº¥t há»£p lÃ­. TÃ´i Ä‘Ã£ Ä‘áº·t hÃ ng vá»›i tÃ¢m tháº¿ hÃ o há»©ng chá» Ä‘á»£i Ä‘á»ƒ Ä‘Æ°á»£c tráº£i nghiá»‡m sáº£n pháº©m vÃ  tÃ´i khÃ´ng há» bá»‹ chá» má»i cá»•. CÃ³ thá»ƒ tháº¥y bÃªn váº­n chuyá»ƒn khÃ´ng quáº£n ngáº¡i thá»i tiáº¿t vÃ  Ä‘Æ°á»ng xÃ¡ xa xÃ´i Ä‘á»ƒ Ä‘Æ°a sáº£n pháº©m cho tÃ´i trong thá»i gian ngáº¯n nháº¥t.,5,1639961727
"Giao nhanh láº¯m áº¡, má»›i hÃ´m qua Ä‘áº·t mÃ  nay Ä‘Ã£ giao rá»“i áº¡. ThÃ¡i Ä‘á»™ cá»§a anh shipper cÅ©ng ráº¥t nhiá»‡t tÃ¬nh, niá»m ná»Ÿ áº¡. SÃ¡ch cÅ©ng Ä‘áº¹p áº¡, nhÆ°ng Ä‘iá»ƒm trá»« lÃ  Ä‘Ã³ng gÃ³i cÃ²n hÆ¡i sÆ¡ xÃ i áº¡.",5,1677475981
Giao hÃ ng cá»±c nhanh,5,1728473204
cá»±c kÃ¬ cháº¥t lÆ°á»£ng tá»« cháº¥t giáº¥y Ä‘áº¿n form sÃ¡ch. em cá»±c kÃ¬ hÃ i lÃ²ng. láº§n Ä‘áº§u mua cá»§a shop vÃ  cx sáº½ lÃ  cÃ¡c láº§n sau áº¡. e giá»›i thiá»‡u báº¡n e mua cá»§a shop luÃ´n r nhÃ©eğŸ’¯â¤ï¸â¤ï¸ Thanks Shop very muchğŸ’¯â¤ï¸â¤ï¸,5,1638455593
ÄÆ¡n hÃ ng TÃ´i váº«n chÆ°a nháº­n Ä‘Æ°á»£c mÃ  shop Ä‘Ã£ bÃ¡o giao thÃ nh cÃ´ng lÃ  sao áº¡. Mong tiki giáº£i quyáº¿t cho em áº¡. TK319392817 MÃ£ Ä‘Æ¡n em gá»­i Ä‘Ã¢y áº¡. ÄÆ¡n em Ä‘Ã£ thanh toÃ¡n thÃ nh cÃ´ng 4 quyá»ƒn sÃ¡ch giÃ¡ cÅ©ng hÆ¡n 400k áº¡. ChÆ°a nháº­n Ä‘Æ°á»£c mÃ  láº¡i hiá»‡n lÃªn Ä‘Ã£ nháº­n hÃ ng vÃ  kÃªu nháº­n xÃ©t?????,1,1626324601
,4,1719644512
"tuyá»‡t, khÃ´ng cÃ³ Ä‘iá»ƒm chÃª.",5,1708591643
"Äá»c lÃºc Ä‘áº§u thÃ¬ cuá»‘n vÃ¬ ká»ƒ vá» cuá»™c sá»‘ng trong Tráº¡i táº­p trung. Do mÃ¬nh cÅ©ng hay Ä‘á»c vá» Holocause. Quyá»ƒn nÃ y pháº§n sau xoÃ¡y nhiá»u vá» nghiÃªn cá»©u, phÃ¢n tÃ­ch tÃ¢m lÃ½, hÃ nh vi con ngÆ°á»i.
Má»™t cuá»‘n sÃ¡ch hiáº¿m hoi cá»§a TV mÃ¬nh Ä‘á»c Ä‘Æ°á»£c mÃ  khÃ´ng bá»‹ lÃ m quÃ¡, huyá»…n.
MÃ¬nh khÃ´ng tÃ¬m hiá»ƒu nhiá»u vá» cháº¥t liá»‡u giáº¥y in, nhÆ°ng giáº¥y giá»‘ng nhÃ  xuáº¥t báº£n kim Ä‘á»“ng hay in manga. Má»ng má»ng, cÃ¡ nhÃ¢n mÃ¬nh khÃ´ng thÃ­ch loáº¡i giáº¥y nÃ y.",5,1622367834
"ÄÃ¢y lÃ  má»™t cuá»‘n sÃ¡ch cÃ³ 2 pháº§n chÃ­nh, ná»­a quyá»ƒn Ä‘áº§u nÃ³i vá» cuá»™c sá»‘ng trong tráº¡i táº­p trung cá»§a Äá»©c vÃ o tháº¿ chiáº¿n thá»© 2. Náº¿u báº¡n nÃ o Ä‘Ã£ coi qua nhá»¯ng bá»™ phim khai thÃ¡c Ä‘á» tÃ i nÃ y thÃ¬ cÅ©ng biáº¿t vá» nÃ³. Äáº·c biá»‡t hÆ¡n á»Ÿ Ä‘Ã¢y nÃ³ cÃ²n Ä‘Æ°á»£c viáº¿t bá»Ÿi chÃ­nh con ngÆ°á»i trong cuá»™c, nÃªn chÃ¢n tháº­t gáº¥p bá»™i láº§n. Qua thá»i gian á»Ÿ tráº¡i, Frankl Ä‘Ã£ Ä‘Ãºc káº¿t ra nhiá»u nhÃ¬n nháº­n, káº¿t há»£p cÃ¹ng kiáº¿n thá»©c uyÃªn bÃ¡c vá» phÃ¢n tÃ¢m há»c cá»§a mÃ¬nh khi qua trÆ°á»ng lá»›p bÃ i báº£n thÃ¬ Ä‘Ã£ viáº¿t ná»­a cuá»‘n sau vá» váº¥n Ä‘á» Ã½ nghÄ©a sá»± sá»‘ng vÃ  nhiá»u loáº¡i tÃ¢m bá»‡nh khÃ¡c. Tháº­t sá»± ráº¥t hay! CÃ³ nhiá»u tá»« chuyÃªn mÃ´n vÃ  khÃ³ hiá»ƒu nhÆ°ng ráº¥t Ä‘ang Ä‘á»ƒ tÃ¬m tÃ²i!?",5,1607011375
"SÃ¡ch xinh, nhÆ°ng Ä‘Ã³ng gÃ³i tuy báº£o vá»‡ mÃ´i trÆ°á»ng (khÃ´ng cÃ³ mÃ ng bá»c báº±ng ninon) lÃ  tá»‘t nhÆ°ng quÃ¡ sÆ¡ sÃ i khiáº¿n gÃ¡y 2 quyá»ƒn sÃ¡ch bá»‹ há»ng, Ä‘Ã¢y lÃ  áº£nh kiá»‡n hÃ ng ngay lÃºc mÃ¬nh má»Ÿ ra :)",5,1644940508
"sÃ¡ch ráº¥t xá»‹n, sá» vÃ o ráº¥t thÃ­ch, ná»™i dung chÃ¢n thá»±c, má»i ngÆ°á»i nÃªn mua 
nÃ³ lÃ  cuá»‘n sÃ¡ch má»™t bÃ¡c sÄ© tÃ¢m lÃ­ sau khi vÃ o tráº¡i táº­p trung cá»§a Äá»©c Quá»‘c XÃ£ viáº¿t vá» tráº£i nghiá»‡m cá»§a mÃ¬nh, tháº­t sá»± ráº¥t chÃ¢n thá»±c vÃ  Ä‘Ã¡ng khÃ¢m phá»¥c Ã½ chÃ­ ná»™i tÃ¢m cá»§a má»—i tÃ¹ nhÃ¢n.",5,1612053924
,5,1729217745
tÃ¡c pháº©m kinh Ä‘iá»ƒn,5,1720350089
MÃ¬nh Ä‘ang Ä‘á»c pháº§n 1 cá»§a sÃ¡ch nhÆ°ng tháº¥y ráº¥t hay ráº¥t giá»‘ng nhá»¯ng cuá»‘n vá» Ã½ nghÄ©a cuá»™c sá»‘ng sinh tá»“n,5,1672026341
Em chÆ°a Ä‘á»c sáº£n pháº©m nhÆ°ng em tháº¥y giao hÃ ng nhanh Ä‘Ãºng ngÃ y vÃ  máº¥y láº§n trÆ°á»›c khÃ´ng bá»‹ lá»—i gÃ¬ mÃ  láº§n nÃ y vÃ¬ trá»i mÆ°a nÃªn sÃ¡ch bá»‹ Æ°á»›t má»™t pháº§n gÃ³c nhá» phÃ­a trÃªn trong nhiá»u trang. Em mong tiki sáº½ kháº¯c phá»¥c tÃ¬nh tráº¡ng nÃ y nhÆ° bá» vÃ o bao nilon nhá» cho khá»i bá»‹ Æ°á»›t,4,1606715140
"SÃ¡ch hay, má»i ngÆ°á»i cÃ³ thá»ƒ Ä‘á»c.",5,1728155175
"Cuá»‘n sÃ¡ch ráº¥t hay, gÃ³c nhÃ¬n má»› vá» cuá»™c sá»‘ng trong tráº¡i giam phÃ¡t xÃ­t",5,1714116171
"Quyá»ƒn sÃ¡ch cÃ³ quÃ¡ nhiá»u bÃ i há»c tuyá»‡t vá»i dÃ nh cho cuá»™c sá»‘ng.
Má»™t quyá»ƒn sÃ¡ch ráº¥t Ä‘Ã¡ng Ä‘á»c má»i ngÆ°á»i áº¡.
CÃ²n sÃ¡ch mua trÃªn tiki thÃ¬ khá»i pháº£i bÃ n rá»“i...ráº¥t hÃ i lÃ²ng luÃ´n.",5,1655784387
"Ã kiáº¿n cÃ¡ nhÃ¢n cá»§a mÃ¬nh: quyá»ƒn Ä‘i tÃ¬m láº½ sá»‘ng khÃ¡ hay. TÃ¡c giáº£ lÃ  má»™t bÃ¡c sÄ© tÃ¢m lÃ½ tÃ i giá»i vÃ  tiá»m nÄƒng trong cÃ´ng viá»‡c cá»§a mÃ¬nh. CÃ¡c lÃ½ luáº­n vá» tÃ¢m lÃ½ cá»§a Ã´ng Ä‘Æ°á»£c dáº«n chá»©ng báº±ng cÃ¡c vÃ­ dá»¥ khÃ¡ch quan, cÃ³ Ä‘á»‘i chá»©ng. Tuy trong má»™t quyá»ƒn sÃ¡ch ngáº¯n khÃ´ng thá»ƒ lá»™t táº£ háº¿t Ä‘Æ°á»£c nhÆ°ng mÃ¬nh cáº£m tháº¥y tin tÆ°á»Ÿng. Nhá»¯ng gÃ¬ sÃ¡ch phÃ¢n tÃ­ch há»¯u Ã­ch vÃ  truyá»n táº£i thÃ´ng Ä‘iá»‡p láº¡c quan tá»›i Ä‘á»™c giáº£.",5,1615888909
SÃ¡ch giao nhanh gÃ³i cáº©n tháº­n,5,1700882292
"Má»™t tÃ¡c pháº©m hay, cáº£m xÃºc; giÃºp ngÆ°á»i Ä‘á»c tháº¥y nhiá»u giÃ¡ trá»‹. Tiki giao hÃ ng nhanh; bao bá»c cáº©n tháº­n. MÃ¬nh khuyÃªn cÃ¡c báº¡n Ä‘Ã£ xem nÃªn mua. MÃ¬nh tÃ³m táº¯t qua ná»™i dung Ä‘á»ƒ cÃ¡c báº¡n cÃ³ thá»ƒ lá»±a chá»n. 

Äi TÃ¬m Láº½ Sá»‘ng tá»±a tiáº¿ng Anh lÃ  Man's Search for Meaning lÃ  sÃ¡ch Ä‘Æ°á»£c viáº¿t tá»« nhá»¯ng nÄƒm thÃ¡ng tráº£i nghiá»‡m tháº£m khá»‘c cá»§a chÃ­nh tÃ¡c giáº£ trong tráº¡i táº­p trung cá»§a Äá»©c Quá»‘c XÃ£.  Frnakl Ä‘Ã£ phÃ¡t triá»ƒn má»™t phÆ°Æ¡ng phÃ¡p Ä‘iá»u trá»‹ tÃ¢m lÃ½ lÃ  "" Liá»‡u PhÃ¡p Ã NghÄ©a"" Ä‘á»ƒ giÃºp ngÆ°á»i bá»‡nh tÃ¬m ra Ã½ nghÄ©a cuá»™c sá»‘ng cá»§a Ä‘á»i mÃ¬nh. 
Báº±ng nhá»¯ng chá»©ng kiáº¿n vÃ  tráº£i nghiá»‡m thá»±c táº¿ Ã´ng cho ráº±ng con ngÆ°á»i mÃ¬nh cÃ³ thá»ƒ giá»¯ Ä‘Æ°á»£c pháº©m giÃ¡ Ä‘Ã³ chÃ­nh lÃ  giÃ¡ trá»‹; Ä‘áº§u Ã³c, sá»± tá»± do bÃªn trong náº¿u ná»• lá»±c Ä‘áº¥u tranh trong hoÃ n cáº£nh bá»‹ ngÆ°á»i khÃ¡c Ä‘e doáº¡, vÃ¢y hÃ£m. 
Nhá»¯ng tráº£i nghiá»‡m tá»« cuá»™c sá»‘ng trong tráº¡i táº­p trung cho tháº¥y con ngÆ°á»i cÃ³ sá»± lá»±a chá»n cho hÃ nh Ä‘á»™ng cá»§a mÃ¬nh. Con ngÆ°á»i báº±ng tinh tháº§n quáº£ cáº£m cÃ³ vÆ°á»£t qua sá»± vÃ´ cáº£m vÃ  kiá»m cháº¿ sá»± tá»©c giáº­n. Con ngÆ°á»i cÃ³ thá»ƒ giá»¯ vá»¯ng sá»± tá»± do vá» tinh tháº§n, sá»± Ä‘á»™c láº­p vá» tÃ¢m trÃ­, ngay cáº£ trong Ä‘iá»u kiá»‡n cÄƒng tháº³ng vá» tháº§n kinh vÃ  tÃ¢m trÃ­. Trá»Ÿ thÃ nh loáº¡i ngÆ°á»i nÃ o lÃ  káº¿t quáº£ quyáº¿t Ä‘á»‹nh tá»« bÃªn trong cá»§a má»—i ngÆ°á»i. 
Tráº¡i táº­p trung phÃ¡t xÃ­t qua trang viáº¿t cá»§a tÃ¡c giáº£ vÃ´ cÃ¹ng tÃ n báº¡o nhÆ°ng á»Ÿ Ä‘Ã³ cÃ³ nhá»¯ng cÃ¢u chuyá»‡n cÅ©ng tháº­t cao cáº£ vá» tÃ¬nh ngÆ°á»i, má»™t con ngÆ°á»i khi báº£n thÃ¢n mÃ¬nh cáº£m tháº¥y tuyá»‡t vá»ng váº«n cÃ³ kháº£ nÄƒng Ä‘em láº¡i hi vá»ng, niá»m an á»§i cho ngÆ°á»i khÃ¡c. Cuá»™c sá»‘ng cÃ³ nhá»¯ng sá»± kiá»‡n xáº£y ra má»™t cÃ¡ch ngáº«u nhiÃªn vÃ  Ä‘Ã´i khi tÆ°Æ¡ng láº¡i lÃ  báº¥t Ä‘á»‹nh nhÆ°ng ta sáº½ cháº¥p nháº­n tÆ°Æ¡ng láº¡i Ä‘Ã³ vá»›i má»™t niá»m láº¡c quan chá»© khÃ´ng pháº£i trong sá»± há»—n loáº¡n bÃªn trong mÃ¬nh hay biáº¿n thÃ nh má»™t káº» cÆ¡ há»™i. Cuá»™c sá»‘ng luÃ´n Ä‘áº·t cÃ¢u há»i cho má»i ngÆ°á»i, vÃ  con ngÆ°á»i chá»‰ cÃ³ thá»ƒ tráº£ lá»i cuá»™c sá»‘ng thÃ´ng qua chÃ­nh cuá»™c sá»‘ng riÃªng cá»§a mÃ¬nh, tráº£ lá»i báº±ng thÃ¡i Ä‘á»™ sá»‘ng trÃ¡ch nhiá»‡m vá»›i báº£n thÃ¢n. 
Má»—i chÃºng ta nÃªn phÃ¢n biá»‡t sá»± khÃ¡c biá»‡t chá»§ chá»‘t giá»¯a giÃ¡ trá»‹ theo pháº©m cÃ¡ch vÃ  giÃ¡ trá»‹ theo sá»± há»¯u dá»¥ng. KhÃ´ng phÃ¢n biá»‡t rÃµ rÃ ng Ä‘Æ°á»£c Ä‘iá»u nÃ y dáº«n Ä‘áº¿n sá»± Ä‘á» cao quÃ¡ má»©c vá» giÃ¡ trá»‹ theo sá»± há»¯u dá»¥ng, Ä‘á» cao giÃ¡ trá»‹ cá»§a ngÆ°á»i cÃ³ tiá»n hay thÃ nh cÃ´ng. 
Trong lÃºc dá»‹ch bá»‡nh Ä‘ang hoÃ nh hoÃ nh, hoÃ n cáº£nh khiáº¿n cho má»—i ngÆ°á»i cÃ³ Ä‘Ã´i phÃºt tá»± suy nghÄ© vá» giÃ¡ trá»‹ sá»‘ng cá»§a mÃ¬nh, cá»™ng Ä‘á»“ng mÃ¬nh Ä‘ang sá»‘ng. VÃ  Äi TÃ¬m Láº½ Sá»‘ng lÃ  nguá»“n nÄƒng lÆ°á»£ng Ä‘á»ƒ má»—i cáº£ nhÃ¢n chiÃªm nghiá»‡m láº¡i chÃ­nh mÃ¬nh vÃ  cáº£m Æ¡n cuá»™c Ä‘á»i náº¿u mÃ¬nh cÃ³ má»™t hoÃ n cáº£nh sá»‘ng tá»‘t hÆ¡n vÃ  cÃ³ Ä‘iá»u kiá»‡n hÆ¡n pháº§n cÃ²n láº¡i.",5,1629276997
"sáº£n pháº©m Ä‘Æ°á»£c Ä‘Ã³ng gÃ³i cáº©n tháº­n, giao hÃ ng nhanh,sÃ¡ch hay",5,1688090884
"SÃ¡ch Ä‘Ã³ng gÃ³i cáº©n tháº­n, giao hÃ ng nhanh chÃ³ng",5,1708236300
"vÃ¬ tÃ´i Ä‘ang cáº§n Ä‘iá»u tÃ´i cáº§n, mÃ  Ä‘iá»u tÃ´i cáº§n Ä‘ang Ä‘áº¿n vá»›i tÃ´i. cÃ¡m Æ¡n Tiki Ä‘Ã£ káº¿t ná»—i vá»›i Fahasa Ä‘á»ƒ tÃ´i cÃ³ thá»ƒ sá»›m cÃ³ sáº£n pháº©m mÃ¬nh muá»‘n. chucx cho sá»± ná»‘i káº¿t luÃ´n bÃªn vá»¯ng Ä‘á»ƒ mang láº¡i lá»£i Ã­ch cho ngÆ°á»›i khÃ¡c.",5,1650034984
"Vá» ná»™i dung thÃ¬ khÃ´ng bÃ n Ä‘áº¿n vÃ¬ cuá»‘n sÃ¡ch nÃ y Ä‘Æ°á»£c ráº¥t nhiá»u ngÆ°á»i Ä‘Ã¡nh giÃ¡ tá»‘t
NhÆ°ng vá» cháº¥t lÆ°á»£ng giáº¥y thÃ¬ tháº¥y ráº¥t kÃ©m áº¡, giáº¥y má»ng sá» vÃ o ráº¥t thÃ´ vÃ  cáº£m giÃ¡c cáº§m ráº¥t nháº¹ so vá»›i nhá»¯ng cuá»‘n sÃ¡ch cÃ³ Ä‘á»™ giÃ y tÆ°Æ¡ng tá»±
MÃ¬nh khÃ´ng cháº¯c nhÆ°ng cÃ³ thá»ƒ nghi ngá» nhÃ  bÃ¡n giao cho mÃ¬nh sÃ¡ch láº­u, sÃ¡ch giáº£.",1,1628701915
MÃ¬nh tháº¥y hay xÄ©u luÃ´n,5,1728111295
"SÃ¡ch mÃ¬nh nháº­n vá»«a bá»‹ trÃ¹ng trang, lÃ m thiáº¿u máº¥t mÆ°á»i máº¥y trang á»Ÿ giá»¯a, vá»«a bá»‹ lá»—i phÃ­a sau. Giáº¥y bá»‹ dÃ­nh gÃ³c vÃ o nhau vÃ  há»¥t háº³n 1 Ä‘oáº¡n so vá»›i nhá»¯ng trang bÃ¬nh thÆ°á»ng.",1,1623767783
Ii,5,1721173146
"SÃ¡ch ráº¥t hay, nÃªn Ä‘á»c nhÃ©. SÃ¡ch nÃ³i vá» nghá»‹ lá»±c phi thÆ°á»ng cá»§a con ngÆ°á»i, náº¿u khi ta tháº¥y bi quan, chÃ¡n náº£n, cáº£m giÃ¡c cuá»™c sá»‘ng nÃ y bá»‹ báº¿ táº¯c thÃ¬ hÃ£y Ä‘á»c cuá»‘n sÃ¡ch nÃ y ngay nhÃ©",5,1663037212
ok,5,1720938534
"SÃ¡ch nÃ y kinh Ä‘iá»ƒn rá»“i, hay miá»…n chÃª nhÃ©, rcm mn nÃªn Ä‘á»c",5,1698721783
"SÃ¡ch hay, lá»‘i viáº¿t chÃ¢n tháº­t vÃ  dá»… hiá»ƒu nhÆ°ng Ä‘Ã¡ng suy ngáº«m.",5,1710441070
"SaÌch hay, diÌ£ch vuÌ£ tÃ´Ìt nha!",5,1709725077
SÃ¡ch cÃ³ váº¿t báº©n mong shop láº§n sau cáº©n tháº­n hÆ¡n,4,1687768668
"SÃ¡ch má»›i nhÆ°ng bá»‹ hÆ° gÃ³c nhiá»u quÃ¡. Giáº¥y in dá»… chá»‹u, cÃ³ kÃ¨m tá» Ä‘Ã¡nh dáº¥u sÃ¡ch. Giao hÃ ng nhanh.",2,1653977300
"Cuá»‘n sÃ¡ch chia sáº» nhá»¯ng chiÃªm nghiá»‡m cá»§a má»™t bÃ¡c sÄ© tÃ¢m lÃ½ Ä‘á»“ng thá»i lÃ  ngÆ°á»i sá»‘ng sÃ³t trá»Ÿ vá» tá»« tráº¡i táº­p trung cá»§a Äá»©c quá»‘c xÃ£. Pháº§n má»™t lÃ  vá» nhá»¯ng diá»…n biáº¿n tÃ¢m lÃ½ chÃ­nh Ã´ng Ä‘Ã£ tráº£i qua khi lÃ  tÃ¹ nhÃ¢n á»Ÿ cÃ¡c tráº¡i táº­p trung trong Ä‘Ã³ cÃ³ Ä‘á»‹a ngá»¥c kinh hoÃ ng Auschwitz. Pháº§n hai lÃ  vá» nhá»¯ng kiáº¿n thá»©c Ä‘Ãºc káº¿t sau nhiá»u nÄƒm dÃ¹ng má»™t lÃ½ thuyáº¿t mÃ  Ã´ng gá»i lÃ  â€œliá»‡u phÃ¡p Ã½ nghÄ©aâ€ chá»¯a trá»‹ tÃ¢m lÃ½ cho bá»‡nh nhÃ¢n. SÃ¡ch tÆ°Æ¡ng Ä‘á»‘i ngáº¯n vÃ  dá»… hiá»ƒu, Ä‘áº·c biá»‡t phÃ¹ há»£p nhá»¯ng ngÆ°á»i Ä‘ang hoang mang, máº¥t phÆ°Æ¡ng hÆ°á»›ng trong cuá»™c sá»‘ng. MÃ¬nh Ä‘Ã£ Ä‘á»c báº£n tiáº¿ng Anh vÃ  tháº¥y báº£n dá»‹ch cháº¥p nháº­n Ä‘Æ°á»£c dÃ¹ má»™t sá»‘ thuáº­t ngá»¯ hay tÃªn cÃ¡c tÃ¡c pháº©m vá» tÃ¢m lÃ½ há»c vá»‘n ráº¥t quen thuá»™c Ä‘Æ°á»£c dá»‹ch theo lá»‘i má»™t mÃ¬nh má»™t kiá»ƒu (khÃ´ng tham kháº£o thÃªm tÃ i liá»‡u khÃ¡c) nÃªn cáº£m giÃ¡c cá»© bá»‹ khá»±ng láº¡i chá»© khÃ´ng Ä‘Æ°á»£c mÆ°á»£t. VD: anticipated anxiety, hay Ä‘Æ°á»£c dá»‹ch lÃ  â€œlo Ã¢u chá» Ä‘á»£iâ€ thÃ¬ trong sÃ¡ch dá»‹ch thÃ nh â€œlo Ã¢u trÆ°á»›c ká»³ háº¡nâ€, obsessive compulsive lÃ  â€œÃ¡m áº£nh cÆ°á»¡ng cháº¿â€ thÃ¬ á»Ÿ Ä‘Ã¢y dá»‹ch lÃ  â€œÃ¡m áº£nh do bá»‹ Ã©p buá»™câ€. Má»™t Ä‘iá»ƒm trá»« nhá» ná»¯a lÃ  nhÃ  in cáº¯t giáº¥y áº©u sao Ä‘Ã³ mÃ  sÃ¡ch nom khÃ´ng Ä‘Æ°á»£c cÃ¢n Ä‘á»‘i, cá»¥ thá»ƒ lÃ  lá» dÆ°á»›i trang cháºµn thÆ°á»ng chá»«a nhiá»u hÆ¡n trang láº» vÃ  nhÃ¬n tá»•ng thá»ƒ cáº£ khá»‘i chá»¯ bá»‹ xuá»‘ng dá»‘c (cÃ¡i nÃ y nhÃ¬n áº£nh hÆ¡i khÃ³ phÃ¡t hiá»‡n nhÆ°ng ngÆ°á»i Ä‘Ã£ Ä‘á»c nhiá»u sÃ¡ch dÃ n trang xÃ©n giáº¥y tá»‘t sáº½ nháº­n ra).",4,1609869497
"SÃ¡ch hay, tuyá»‡t vá»i, giao hÃ ng ráº¥t nhanh",5,1704679646
"SÃ¡ch Ä‘áº¹p, giao nhanh",5,1697423906
"SÃ¡ch Ä‘áº¹p, Ä‘Ã³ng gÃ³i ráº¥t cáº©n tháº­n, chu Ä‘Ã¡o. Ship hÃ ng nhanh. MÃ¬nh Ä‘áº·t hÃ´m trÆ°á»›c hÃ´m sau Ä‘Ã£ cÃ³ rá»“i. Ráº¥t hÃ i lÃ²ng",5,1687779758
SÃ¡ch Ä‘á»ƒ trá»‘ng ko trong há»™p ko Ä‘c bá»c j cáº£ mÃ¬nh nháº­n Ä‘c cÃ¡i há»™p thÃ¬ ráº¥t shock khi tháº¥y nÃ³ mÃ©o mÃ³ trÃ´ng cá»±c kÃ¬ tháº£m may mÃ  sÃ¡ch ko bá»‹ j,4,1622078896
"CÃ³ thá»ƒ mÃ¬nh chÆ°a há»£p, nÃªn cáº£m nháº­n ná»™i dung chÆ°a thá»±c sá»± hÃ i lÃ²ng",3,1705585550
"Giao hÃ ng nhanh trong 2 ngÃ y, sÃ¡ch hay. NÃªn mua Ä‘á»c Ä‘á»ƒ tráº£i nghiá»‡m nhiá»u hÆ¡n nhá»¯ng cÃ¢u nÃ³i hay tá»« trong sÃ¡ch. Cá»±c kÃ¬ vá»«a lÃ²ng khi mua á»Ÿ shop vÃ  Tiki áº¡.",5,1645253886
Mong sÃ¡ch sáº½ Ä‘em Ä‘áº¿n nhá»¯ng Ä‘iá»u hay Ä‘á»ƒ mÃ¬nh hiá»ƒu vá» báº£n thÃ¢n hÆ¡n,5,1675946931
SÃ¡ch ráº¥t hay,5,1713189515
"SÃ¡ch nguyÃªn seal, cháº¥t lÆ°á»£ng Ä‘áº¹p, Ä‘Ã³ng gÃ³i cáº©n tháº­n, giao hÃ ng Ä‘Ãºng háº¡n",5,1702556669
Ok,5,1717061221
"Ráº¥t thÃ­ch pháº§n Ä‘áº§u cá»§a quyá»ƒn sÃ¡ch, pháº§n cuá»‘i tÃ¡c giáº£ bÃ n nhiá»u vá» hÆ°á»›ng Ä‘iá»u trá»‹ nÃªn mÃ¬nh khÃ´ng hiá»ƒu rÃµ láº¯m. NhÃ¬n chung Ä‘Ã¢y lÃ  má»™t cuá»‘n sÃ¡ch ráº¥t Ä‘Ã¡ng Ä‘á»c",5,1665234976
,5,1731514324
"SÃ¡ch hay, máº«u mÃ£ Ä‘áº¹p, mn nÃªn thá»­ vÃ  tráº£i nghiá»‡m",5,1711875301
,5,1730867703
"Náº¿u báº¡n cÃ³ thá»ƒ Ä‘á»c qua ná»­a quyá»ƒn,báº¡n cháº¯c cháº¯n cÃ³ thá»ƒ Ä‘á»c háº¿t quyá»ƒn sÃ¡ch nÃ y,vÃ¬ chÆ°a tráº£i nghiá»‡m nhiá»u nÃªn mÃ¬nh tháº¥y hÆ¡i nháº¡t,tuy nhiÃªn váº«n cÃ³ nhiá»u Ä‘iá»u Ä‘Ã¡ng suy ngáº«m,cÃ²n vá»›i nhá»¯ng con ngÆ°á»i tá»«ng tráº£i thÃ¬ cÃ³ láº½ cuá»‘n sÃ¡ch nÃ y vÃ´ cÃ¹ng sÃ¢u sáº¯c.",5,1599230635
,5,1730638974
,5,1729954538
,5,1729051668
,5,1728992306
"sÃ¡ch lÃºc giao hÃ ng cÃ²n nguyÃªn bá»c nilon luÃ´n cáº©n tháº­n cá»±c kÃ¬, ná»™i dung thÃ¬ khá»i bÃ n rá»“i vÃ¬ Ä‘Ã¢y lÃ  cuá»‘n sÃ¡ch vÃ´ cÃ¹ng kinh Ä‘iá»ƒn mÃ  mÃ¬nh nghÄ© nÃªn recommend cho má»i ngÆ°á»i nÃªn Ä‘á»c nhÃ©",5,1628915277
,5,1728764189
,5,1728575455
SÃ¡ch Ä‘Æ°á»£c Ä‘Ã³ng gÃ³i cáº©n tháº­n cÃ³ miáº¿ng lÃ³t báº£o há»™ vÃ  bá»c kiáº¿n sÃ¡ch sáº½. CÃ³ táº·ng kÃ¨m bookmark. Shipeer thÃ¢n thiÃªÌ£n.,5,1625550333
,5,1728524331
,5,1728120266
,5,1727956767
,5,1727686246
,5,1713469589
,5,1727346888
"Giao hÃ nh nhanh, sÃ¡ch cháº¥t lÆ°á»£ng, ráº¥t hÃ i lÃ²ng.",5,1680519381
,5,1727181031
SÃ¡ch ráº¥t hay vÃ  Ä‘áº¹p. Giao hÃ ng ráº¥t nhanh,5,1711263944
Tá»‘tt nhÃ© mn nÃªn mua,5,1691214244
"Giao nhanh vÃ  má»›i, sÃ¡ch cá»§ nxb NhÃ£ Nam. Giáº¥y nháº¹. MÃ¬nh Ä‘á»c review tháº¥y ráº¥t hay nÃªn mua vá» tráº£i nghiá»‡m, dá»‹ch á»Ÿ nhÃ  nÃªn bá»• sung thÃªm kiáº¿n thá»©c vÃ  vá»‘n tá»«. CÅ©ng nhÆ° tÃ¬m thÃªm mÃ´n giáº£i trÃ­, Ä‘á»c sÃ¡ch ko bao giá» lÃ  thá»«a.",5,1626408837
sáº£n pháº©m tá»‘t,5,1649778123
,5,1726387643
Ship nhanh sÃ¡ch Ä‘áº¹p,5,1704712688
,4,1725986186
,5,1725974541
"Bá»‘ cá»¥c Ä‘áº¹p,dá»… hiá»ƒu.giao hÃ ng nhanh",5,1697166838
"SÃ¡ch hay, Ä‘Ã³ng gÃ³i cáº©n tháº­n.",5,1700275702
Ná»™i dung khÃ´ng hay ho nhÆ° tÃªn sÃ¡ch,3,1713143880
,5,1725699765
"giao hÃ ng nhanh dÃ£ man, má»›i Ä‘áº·t hÃ´m qua mÃ  nay Ä‘Ã£ tháº¥y ship Ä‘áº¿n r. cháº¥t lÆ°á»£ng sÃ¡ch ok. dg km nÃªn giÃ¡ ráº». sÃ¡ch cÃ³ bá»c nilong nÃªn mÃ¬nh k thÃ­ch láº¯m, tháº¥y nhiá»u Ä‘á»“ nhá»±a quÃ¡",4,1630051220
"Äi tÃ¬m láº½ sá»‘ng thÃ¬ cháº¯c cÅ©ng cháº³ng cáº§n pháº£i nÃ³i nhiá»u vá» Ä‘á»™ hay vÃ  Ã½ nghÄ©a ná»¯a rá»“i â¤ï¸ Tháº­t sá»± ráº¥t lÃ  vui khi mÃ  nháº­n Ä‘Æ°á»£c sÃ¡ch tá»« tiki luÃ´n, giao hÃ ng vá»«a nhanh vá»«a cháº¥t lÆ°á»£ng ?â‚«",5,1620126102
,5,1725090146
SÃ¡ch hay,5,1722236340
Ná»™i dung sÃ¡ch 5 sao nhÆ°ng giao hÃ ng chá»‰ 2 sao thÃ´i. Cuá»‘n nÃ y ko cÃ³ bá»c mÃ  há»™p hÃ ng nhÃ u nhÄ© lÃ m báº©n sÃ¡ch bÃªn trong,5,1652668415
,5,1724690704
MÃ¬nh biáº¿t cuá»‘n nÃ y lÃ¢u rá»“i nhÆ°ng giá» má»›i mua. Cháº¯c chá» Ä‘Ãºng thá»i Ä‘iá»ƒm chÄƒng,5,1678354323
,5,1724433157
,5,1724412219
,5,1724405301
"ThÃ´ng Ä‘iá»‡p trong sÃ¡ch cÃ³ nhiá»u Ã½ nghÄ©a hay, tuy nhiÃªn cáº£m nháº­n cÃ¡ nhÃ¢n lÃ  cÃ¡ch viáº¿t/bá»‘ cá»¥c chÆ°a Ä‘Æ°á»£c logic vÃ  rÃ nh máº¡ch láº¯m.
vÃ  trá»« 1 Ä‘iá»ƒm láº§n nÃ y Fahasa giao sÃ¡ch hÆ¡i mÃ³p gÃ¡y vÃ  Ä‘Ã³ng k cháº¯c cháº¯n láº¯m nhÆ° má»i láº§n.
nhÆ°ng váº«n ok vÃ¬ Fahasa Ä‘Æ°á»£c cÃ¡i Ä‘Ã³ng gÃ³i cáº©n tháº­n",4,1615776308
"Nghe review vá» cuá»‘n nÃ y Ä‘Ã£ lÃ¢u nÃªn nay quyáº¿t tÃ¢m Ä‘áº·t sÃ¡ch. SÃ¡ch giao nhanh, Ä‘Ã³ng gÃ³i cáº©n tháº­n vÃ  sáº¡ch sáº½. Cáº£m Æ¡n Tiki vÃ  nhÃ  bÃ¡n",5,1657693603
"- SÃ¡ch ráº¥t há»¯u Ã­ch, giÃºp cho ngÆ°á»i Ä‘á»c tá»± do vÃ  tá»± tin tÃ¬m ra Ã½ nghÄ©a cá»§a cuá»™c sá»‘ng mÃ¬nh thÃ´ng qua báº¥t kÃ¬ Ä‘iá»u gÃ¬ xáº£y ra Ä‘á»‘i vá»›i há», tá»« nhá»¯ng Ä‘Ã¢u khá»•, báº¥t háº¡nh, cho Ä‘áº¿n nhá»¯ng Ä‘iá»u bÃ¬nh thÆ°á»ng.
- Tráº¡ng thÃ¡i tá»“n táº¡i chÃ¢n khÃ´ng, giÃ¡ trá»‹ pháº©m cháº¥t vÃ  giÃ¡ trá»‹ há»¯u dá»¥ng, phÆ°Æ¡ng phÃ¡p suy nghÄ© Ä‘áº£o nghá»‹ch, Ä‘á»u Ä‘Æ°á»£c lÃ½ giáº£i Ä‘á»ƒ giÃºp mÃ¬nh hiá»ƒu nhiá»u hÆ¡n vá» nhá»¯ng hiá»‡n tÆ°á»£ng, tháº¿ giá»›i quan xung quanh, giÃºp mÃ¬nh trÃ¡nh cÅ©ng nhÆ° tÃ¬m ra giáº£i phÃ¡p cho nhá»¯ng váº¥n Ä‘á» sai lá»‡ch vá» tÃ¢m lÃ½ vÃ  nháº­n thá»©c, giÃºp mÃ¬nh tin yÃªu cuá»™c sá»‘ng hÆ¡n
- Thuyáº¿t hÆ° vÃ´, thuyáº¿t Ä‘á»‹nh má»‡nh, tá»™i lá»—i táº­p thá»ƒ Ä‘Æ°á»£c tÃ¡c giáº£ lÃªn Ã¡n vÃ¬ nhá»¯ng há»c thuyáº¿t Ä‘Ã³ sáº½ dáº«n Ä‘áº¿n lá»‘i sá»‘ng vÃ´ trÃ¡ch nhiá»‡m vÃ  phÃ³ máº·c cho sá»‘ pháº­n, tá»« Ä‘Ã³ khÃ´ng thá»ƒ tÃ¬m ra Ã½ nghÄ©a cuá»™c Ä‘á»i mÃ¬nh
- Hay hÆ¡n ná»¯a lÃ  tÃ¡c giáº£ lÃ  ngÆ°á»i Ä‘Ã£ tráº£ qua 4 tráº¡i táº­p trung cá»§a PhÃ¡t XÃ­t Äá»©c, náº¿m Ä‘á»§ sá»± thá»‘ng khá»• tá»™t cÃ¹ng, chá»©ng kiáº¿n sá»± khÃ¡c biá»‡t giá»¯a cÃ¡ch hÃ nh Ä‘á»™ng vÃ  thÃ¡i Ä‘á»™ sá»‘ng cá»§a nhiá»u ngÆ°á»i, Ä‘áº·c biá»‡t lÃ  nhg ngÆ°á»i cÃ³ há»c thá»©c vÃ  Ä‘á»‹a vá»‹ xÃ£ há»™i. TÃ¡c giáº£ cÃ²n dÃ nh cáº£ Ä‘á»i Ä‘á»ƒ trá»‹ liá»‡u cho cÃ¡c bá»‡nh nhÃ¢n tÃ¢m tháº§n, cáº£ ngÃ n ngÆ°á»i trong vÃ²ng 25 nÄƒm",4,1612857200
,5,1723129417
,5,1722921802
QuÃ¡ hay,5,1720394475
"SÃ¡ch má»›i nguyÃªn, bá»c nilong Ä‘Ã³ng gÃ³i cáº©n tháº­n, vá» khÃ¢u Ä‘Ã³ng gÃ³i mik Æ°ng Ã½ láº¯m, sÃ¡ch cÃ²n cÃ³ bookmark ráº¥t Ä‘áº¹p
Vá» ND mik ch Ä‘á»c nhÆ°ng mik nghÄ© sáº½ hay vÃ  ráº¥t cÃ³ Ã­ch",5,1629707890
,5,1722609076
,5,1722505080
,5,1722417412
,5,1722403639
,5,1722398098
,5,1722242268
"Cuá»‘n sÃ¡ch khÃ¡ á»•n. Ná»™i dung chia lÃ m 2 pháº§n.Pháº§n 1 ká»ƒ vá» sá»± cÃ¹ng cá»±c cá»§a ngÆ°á»i tÃ¹ trong tráº¡i táº­p trung. Pháº§n nÃ y khÃ¡ cáº£m Ä‘á»™ng.Pháº§n 2 chá»§ yáº¿u nÃ³i vá» "" liá»‡u phÃ¡p ya nghÄ©a"" lÃ½ giáº£i PhÆ°Æ¡ng thá»©c chá»¯a lÃ nh váº¿t thÆ°Æ¡ng lÃ²ng vÃ  tÃ¬m tháº¥y má»¥c tiÃªu sá»‘ng.",5,1621263578
"mk trá»« 1 sao vÃ¬ cÃ¡ch Ä‘Ã³ng gÃ³i sÆ¡ sÃ i mÃ  táº¡i sao lÃºc sÃ¡ch vá» láº¡i bá»‹ xÃ© bá»c ra dá»‹ ? , cháº¥t liá»‡u giáº¥y má»±c in tá»‘t mk Ä‘á»c 1 2 trang Ä‘áº§u ráº¥t á»•n trá»« 1 sao vÃ¬ Ä‘Ã³ng gÃ³i vÃ  sÃ¡ch bá»‹ xÃ© bá»c ra thÃ´i",4,1644920470
,5,1721920933
,4,1721877498
,5,1721806276
"Cuá»‘n sÃ¡ch thá»±c sá»± ráº¥t hay khi ká»ƒ vá» má»™t khÃ­a cáº¡nh khÃ¡c vá» cuá»™c sá»‘ng cá»§a ngÆ°á»i Do ThÃ¡i trong cÃ¡c tráº¡i táº­p trung. Nhá»¯ng tráº£i nghiá»‡m, cÃ¹ng nhá»¯ng Ä‘áº¥u tranh trong tÆ° tÆ°á»Ÿng tá»± do cá»§a tÃ¡c giáº£ thá»±c sá»± há»¯u Ã­ch",5,1623631802
TÃ´i khÃ´ng xem Ä‘Ã¢y lÃ  má»™t quyá»ƒn Self-help nhÆ° cÃ¡c loáº¡i trÃ´i ná»•i hiá»‡n nay.. vÃ¬ quyá»ƒn sÃ¡ch nÃ y cÃ³ cÆ¡ sá»Ÿ khoa há»c rÃµ rÃ ng vÃ  Ä‘Ã£ Ä‘Æ°á»£c chá»n lá»c bá»Ÿi thá»i gian ğŸ’™ Ráº¥t hay vÃ  má»—i ngÆ°á»i nÃªn Ä‘á»c vÃ  pháº£n tÆ°.,5,1640005488
,5,1721727656
,5,1721533302
,5,1721448045
,5,1721115873
,5,1721028432
,5,1720769009
,5,1720373494
"Quyá»ƒn sÃ¡ch lÃ m thay Ä‘á»•i Ã­t nhiá»u tháº¿ giá»›i quan cá»§a mÃ¬nh, nÃ³ giÃºp mÃ¬nh cÃ³ cÃ¡i nhÃ¬n tÃ­ch cá»±c hÆ¡n vá» cuá»™c sá»‘ng.",5,1675396117
"Ná»™i dung nÃ³i hÆ¡i sÃ¢u vá» váº¥n Ä‘á» tÃ¢m lÃ½.
Do lÃºc Ä‘áº§u ká»³ vá»ng sáº½ Ä‘á»c vá» cuá»™c sá»‘ng trong tháº¿ chiáº¿n thá»© 2, nÃªn hÆ¡i tháº¥t vá»ng.
KhÃ´ng chÃª ná»™i dung sÃ¡ch, nhÆ°ng do khÃ´ng pháº£i chá»‰ Ä‘á» yÃªu thÃ­ch nÃªn ko thá»ƒ Ä‘á»c háº¿t.",3,1620379228
Okiee luÃ´n,5,1716226136
SÃ¡ch Ä‘áº¹p vÃ  cháº¥t liá»‡u tá»‘t. CÃ³ Ä‘iá»u tiki Ä‘Ã³ng gÃ³i chÆ°a Ä‘Æ°á»£c ká»¹,5,1678240633
,5,1719196700
Hay vÃ  Ã½ nghÄ©a,5,1713348406
"SÃ¡ch Ä‘áº¹p vÃ  khÃ´ng bá»‹ sao háº¿t áº¡
Váº­n chuyá»ƒn nhanh, shipper nhiá»‡t tÃ¬nh
Ná»™i dung thÃ¬ mÃ¬nh chÆ°a Ä‘á»c nhÆ°ng lÃ  má»™t trong cÃ¡c loáº¡i sÃ¡ch Ä‘Æ°á»£c khuyÃªn Ä‘á»c nÃªn mÃ¬nh thÃ­ch láº¯m,",5,1637641294
,5,1718017604
,5,1717993368
,5,1717781829
,5,1717656962
,5,1717385486
,5,1717374591
,5,1717303456
Mk tháº¯c máº¯c kbiet sÃ¡ch má»›i hay cÅ© nma k cÃ³ bá»c tÃºi ngoÃ i sÃ¡ch nhÆ° cuá»‘n Atomic Habit thÃ¬ cÃ³.,4,1682480080
"giao nhanh, sÃ¡ch má»›i nhÆ°ng k cÃ³ bá»c nilong, Ä‘Ã³ng hÃ ng cáº©n tháº­n, giÃ¡ tá»‘t",5,1675146512
"Cháº¥t lÆ°á»£ng tá»‘t. Giao hÃ ng nhanh. ChÆ°a Ä‘áº¿n 1 ngÃ y, mÃ¬nh cÃ³ sÃ¡ch Ä‘á»c rui. Gáº·p anh shipper khÃ¡ tá»‘t bá»¥ng. MÃ¬nh ko cÃ³ tiá»n máº·t, nÃªn chuyá»ƒn khoáº£n nhá» anh giÃºp. Anh cÃ²n bo cho 1k. ?",5,1620546643
"Tiki giao hÃ ng nhanh, cháº¥t lÆ°á»£ng. Ná»™i dung sÃ¡ch thÃ¬ hay miá»…n bÃ n rá»“i. ChÆ°a bao giá» tháº¥t vá»ng khi mua hÃ ng trÃªn Tiki.",5,1672503193
SÃ¡ch ráº¥t hay vÃ  Ã½ nghÄ©a láº¯m áº¡,5,1704110891
,5,1716341511
"Tháº­t may máº¯n vÃ¬ Ä‘Ã£ Ä‘Æ°á»£c Ä‘á»c 1 cuá»‘n sÃ¡ch phÃ¹ há»£p vá»›i mÃ¬nh trong thá»i Ä‘iá»ƒm nÃ y. Khi mÃ  má»i giÃ¡ trá»‹ sá»‘ng dá»… dÃ ng loay hoay vÃ  máº¥t táº­p trung vÃ o báº£n thÃ¢n. QuÃ¡ quan tÃ¢m Ä‘áº¿n cÃ¡i nhÃ¬n bÃªn ngoÃ i. Tá»± váº¥n báº£n thÃ¢n vá»›i nhá»¯ng thÆ°á»›c Ä‘o chuáº©n má»±c cá»§a ngÆ°á»i xung quanh. MÃ  quÃªn máº¥t vá»‘n dÄ© sá»± tá»“n táº¡i cá»§a báº£n thÃ¢n Ä‘Ã£ lÃ  1 Ä‘iá»u khÃ´ng thá»ƒ Ä‘Ã¡ng quÃ½ hÆ¡n, so vá»›i nhá»¯ng ráº¯c rá»‘i mÃ¬nh tá»± huyá»…n hoáº·c vÃ  bÃ³p cá»• tÃ¢m trÃ­.

""CÃ³ thá»ƒ há» chá»‰ cÃ³ vÃ i ngÆ°á»i, nhÆ°ng Ä‘iá»u Ä‘Ã³ cÅ©ng Ä‘á»§ Ä‘á»ƒ chá»©ng minh ráº±ng ngÆ°á»i ta cÃ³ thá»ƒ láº¥y Ä‘i cá»§a má»™t ngÆ°á»i má»i thá»©, chá»‰ trá»« má»™t  Ä‘iá»u: sá»± tá»± do - sá»± tá»± do trong viá»‡c lá»±a chá»n thÃ¡i Ä‘á»™ sá»‘ng trong báº¥t ká»³ hoÃ n cáº£nh nÃ o, vÃ  sá»± tá»± do lá»±a chá»n hÆ°á»›ng Ä‘i cá»§a mÃ¬nh.""",5,1605494981
,5,1716264595
tuyá»‡t vá»i,5,1697896370
,5,1701861467
,5,1701826400
,5,1715345398
"Váº­n chuyá»ƒn siu nhanh, má»›i Ä‘áº·t hÃ´m qua mÃ  nay nháº­n dc gÃ¹i",5,1678852735
"Tiki giao hÃ ng siÃªu nhanh luÃ´nn. SÃ¡ch bá»c cáº©n tháº­n, cháº¥t lÆ°á»£ng siÃªu Æ°ng luÃ´n.",5,1642065877
,5,1713330763
,5,1713230843
SÃ¡ch cÃ³ náº¿p gáº¥p á»Ÿ bÃ¬a trÆ°á»›c vÃ  sau dÃ¹ chÆ°a Ä‘á»c tÃ½ gÃ¬ @@ SÃ¡ch cáº£m giÃ¡c cÅ©ng Ä‘Ã£ cÅ© vÃ  Ä‘Æ°á»£c dÃ¹ng qua rá»“i.,3,1654983006
,4,1712671946
,5,1712585295
"Cuá»™c sá»‘ng hiá»‡n Ä‘áº¡i lÃ m cho con ngÆ°á»i dá»… náº£n chÃ­, Ä‘áº·t sai má»¥c Ä‘Ã­ch sá»‘ng, dáº«n tá»›i tuyá»‡t vá»ng chÃ¡n náº£n Ä‘Ã²i cháº¿t. HÃ£y tráº£i nghiá»‡m cuá»‘n sÃ¡ch Ä‘á»ƒ hiá»ƒu thÃªm vá» ná»—i Ä‘au táº­n cÃ¹ng cÃ¡i cháº¿t, Ä‘á»ƒ biáº¿t mÃ¬nh Ä‘ang sá»‘ng ra sao. Cuá»‘n sÃ¡ch nÃ y sáº½ cÃ³ Ã­ch",5,1612419857
"Má»™t cuá»‘n sÃ¡ch khÃ¡ hay, tuy nhiÃªn náº¿u báº¡n khÃ´ng thÃ­ch Ä‘á»c má»™t cuá»‘n sÃ¡ch tá»± truyá»‡n thÃ¬ láº¡i khÃ´ng há»£p nha.",5,1627363915
,5,1712193125
,5,1711874641
,5,1711793379
,5,1711546249
,4,1711254913
,5,1711182201
"SÃ¡ch khÃ´ng bá»‹ dÃ y, Ä‘Ã³ng gÃ³i cáº©n tháº­n. NgoÃ i cÃ¢u chuyá»‡n tráº£i nghiá»‡m cá»§a tÃ¡c giáº£ táº¡i tráº¡i táº­p trung cÃ²n cÃ³ pháº§n vá» phÆ°Æ¡ng phÃ¡p tÃ¢m lÃ½.",5,1655996298
,5,1710895336
,5,1710855506
"SÃ¡ch pháº§n nÃ o giuÌp tÃ´i hiá»ƒu thÃªm vá» nhÃ  tÃ¹, tráº¡i táº­p trung cá»§a Dá»©c quá»‘c xÃ£ vÃ  tÃ² mÃ² dá»ƒ tá»± tim hiá»ƒu thÃªm vá» Tháº¿ chiÃªÌn thá»© 2:)). NgÆ°á»¡ng má»™ hÆ¡n kháº£ nÄƒng chiÌ£u dá»±ng phi thÆ°Æ¡Ì€ng cua con ngÆ°Æ¡Ì€i dá»ƒ sinh tá»“n. MÃ´Ì£t quyá»ƒn sÃ¡ch cáº§n Ä‘á»c trÃªn con Ä‘Æ°á»ng Ä‘i tÃ¬m Ã½ nghÄ©a cuá»™c sá»‘ng, mÃ¬nh thiÌch mÃ u giáº¥y cá»§a sÃ¡ch lÃ m nhiÌ€n khÃ´ng bá»‹ loÃ¡",5,1571314107
,5,1710760190
"Ã”ng Frankl Ä‘aÌƒ sÃ´Ìng mÃ´Ì£t cuÃ´Ì£c Ä‘Æ¡Ì€i khÃ´ng uÃ´Ì‰ng phiÌ. NhÆ°Ìƒng giÌ€ Ã´ng Ä‘ÃªÌ‰ laÌ£i laÌ€ baÌ€i hoÌ£c lÆ¡Ìn vÃªÌ€ sÆ°Ì£ theo Ä‘uÃ´Ì‰i khaÌt voÌ£ng vaÌ€ yÌ nghiÌƒa sÃ´Ìng, rÄƒÌ€ng Ä‘Æ°Ì€ng dÃªÌƒ daÌ€ng tÆ°Ì€ boÌ‰ Ä‘Æ¡Ì€i miÌ€nh trÆ°Æ¡Ìc khi Ä‘ÃªÌ‰ laÌ£i mÃ´Ì£t dÃ¢Ìu Ã¢Ìn",5,1617525495
,5,1710596881
"Ná»™i dung ok, sÃ¡cg k cÃ³ bá»c, bá»‹ tráº§y",4,1667715503
Cháº¥t lÆ°á»£ng sÃ¡ch kÃ©m. Pháº§n giá»¯a sÃ¡ch bá»‹ bung,2,1692282402
Tiki Ä‘Ã³ng gÃ³i ráº¥t cáº©n tháº­n vÃ  giao ráº¥t nhanh luÃ´n áº¡,5,1675123909
,5,1709911766
"Ná»™i dung hay, in áº¥n tá»‘t, cháº¥t lÆ°á»£ng miá»…n chÃª",5,1691507601
,5,1709689795
"Giao hÃ ng ráº¥t nhanh, chá»‰ hÆ¡n 1 ngÃ y lÃ  cÃ³, giao hÃ ng Ä‘áº£m báº£o, báº£o quáº£n tá»‘t",5,1665492561
"SÃ¡ch Ä‘áº¹p, táº¡o Ä‘á»™ng lá»±c sá»‘ng, phÃ¹ há»£p cho nhá»¯ng ai Ä‘ang Ä‘i tÃ¬m Ã½ nghÄ©a cuá»™c sá»‘ng",5,1676187297
,5,1709525982
"Giao hÃ ng nhanh, Ä‘Ã³ng gÃ³i cáº©n tháº­n!",4,1681746434
,5,1709517801
,5,1709513233
,5,1709223819
,5,1709171243
,5,1709125703
,5,1709054788
,5,1708779718
"SÃ¡ch cháº¥t lÆ°á»£ng, giao hÃ nh nhanh.",5,1695690408
"SÃ¡ch hay, giao hÃ ng nhanh, sÃ¡ch Ä‘c bao láº¡i nÃªn yÃªn tÃ¢m, Ä‘Ã³ng gÃ³i ok",5,1669134551
HÃ i lÃ²ng vá»›i cháº¥t lÆ°á»£ng phá»¥c vá»¥ cá»§a Tilki,5,1690516702
"Giao hÃ ng nhanh, sÃ¡ch Ä‘Æ°á»£c Ä‘Ã³ng gÃ³i Ä‘áº¹p vÃ  cáº©n tháº­n",5,1686720099
,5,1708179446
Cáº£ sÃ¡ch vÃ  Tiki Ä‘á»u tuyá»‡t vá»i!,5,1666767938
,5,1708028722
Ä‘Ã¡ng Ä‘á»ƒ Ä‘á»c,5,1701915492
tá»‘t,4,1692093463
,4,1707785974
"Bá»c ká»¹ cÃ ng, Ä‘Ã³ng gÃ³i cáº©n tháº­n, hÃ ng Ä‘Ãºng mÃ´ táº£ & ship nhanh láº¯m",5,1681225971
"Mua bao nhiÃªu láº§n hÃ´m nay Tiki Ä‘Ã³ng hÃ ng áº©u váº­y. Bá» trá»±c tiáº¿p sÃ¡ch vÃ´ há»™p mÃ  há»™p rá»™ng ko há» bao bÃ¬ nilon lÃ m cÃ´ng bÃ¬a sÃ¡ch, nhá» thÃ´i nhÆ°ng mÃ¬nh hÆ¡i bá»±c",5,1618290830
,5,1707199886
,5,1707187456
,5,1707023449
"SÃ¡ch má»›i, mÃ¬nh sáº½ Ä‘á»c vÃ o sÃ¡ng mai",5,1678503888
,5,1706881220
,5,1706857048
,5,1692438393
SÃ¡ch hay,5,1703647392
,5,1706465301
"sÃ¡ch hay vÃ  Ã½ nghÄ©a sÃ¢u sáº¯c, nÃ³ sáº½ thá»©c tá»‰nh nhá»¯ng con tim cÃ²n Ä‘ang chÆ¡i vÆ¡i chÆ°a biáº¿t mÃ¬nh sáº½ sá»‘ng ra sao vÃ  Ä‘i vá» Ä‘Ã¢u.",5,1657677437
,5,1706216237
"HÆ¡i Ã¡m áº£nh pháº§n Ä‘áº§u má»™t chÃºt, sÃ¡ch hay, Ä‘Ã¡ng Ä‘á»c â˜ºï¸",5,1654658028
"Nháº­n Ä‘Æ°á»£c sÃ¡ch sá»›m hÆ¡n dá»± kiáº¿n.
Máº·c dÃ¹ hÆ¡i lo láº¯ng vÃ¬ Ä‘á»c Ä‘Æ°á»£c nhiá»u review vá» viá»‡c sÃ¡ch cÅ©, nhÆ°ng ráº¥t may lÃ  cuá»‘n sÃ¡ch láº§n nÃ y á»•n.
Vá» máº·t ná»™i dung: lá»i vÄƒn viáº¿t ráº¥t cuá»‘n hÃºt, vÃ  cÃ¢u chuyá»‡n Ã½ nghÄ©a.

CÃ¡c báº¡n ráº¥t nÃªn Ä‘á»c.",5,1597293445
,5,1705495484
,5,1705397122
Tiki Ä‘Ã³ng gÃ³i ráº¥t ká»‰ vÃ  Ä‘áº¹p sÃ¡ch ráº¥t má»›i vÃ  ok,5,1685382770
,5,1705194624
"sÃ¡ch Ä‘c bá»c báº±ng bookcare nÃªn ráº¥t Ä‘áº¹p, cháº¯c cháº¯n, ráº¥t hÃ i lÃ²ng, giao hÃ ng nhanh",1,1645156493
SÃ¡ch mua Tiki Trading thÃ¬ khá»i cÃ³ gÃ¬ dÃ¡m chÃª. QuÃ¡ ráº» vÃ  giao quÃ¡ nhanh.,5,1664335210
,5,1705025855
"Nhiá»u ngÆ°á»i khen nhÆ°ng mÃ¬nh tháº¥y sÃ¡ch ko hay , toÃ n bá»™ tÃ¡c pháº©m tÃ¡c giáº£ nhÆ° muá»‘n thuyáº¿t phá»¥c viá»‡c tÃ¬m Ã½ nghÄ©a sá»‘ng, mÃ¬nh ko Ä‘á»c ná»•i luÃ´n.",4,1649078098
,5,1704944414
,5,1690552363
,5,1704695436
"SÃ¡ch má»›i Ä‘áº¹p, giao Ä‘áº¿n tay trong tÃ¬nh tráº¡ng nguyÃªn váº¹n.",5,1639909977
"giao hÃ ng nhanh, Ä‘Ã³ng gÃ³i cáº©n tháº­n",5,1691225069
,5,1704303491
,5,1704199377
,5,1704179602
,5,1703880934
,5,1703748389
,5,1703742801
"SÃ¡ch hay vá» tÃ¢m lÃ½ há»c, ká»¹ nÄƒng sá»‘ng.",5,1687871805
"MÃ¬nh mua táº·ng báº¡n nÃªn khÃ´ng Ä‘Æ°á»£c táº­n tay má»Ÿ sÃ¡ch. Tiki giao nhanh, bÃªn váº­n chuyá»ƒn cÅ©ng cá»±c nhanh. Cáº£m Æ¡n Ä‘Ã£ giao nhanh nhÆ° tháº¿ trong mÃ¹a dá»‹ch nÃ y áº¡.",5,1629044523
,5,1701827083
,5,1701726543
"Trong cuá»™c sá»‘ng Ä‘áº§y dÃ£y nhá»¯ng biáº¿n Ä‘á»“ng, khá»• Ä‘au, viá»‡c tÃ¬m cho mÃ¬nh má»™t Ã½ nghÄ©a Ä‘á»ƒ sá»‘ng tháº­t sá»± lÃ  cáº§n thiáº¿t",5,1626237516
Ná»™i dung háº¥p dáº«n,5,1694304358
,5,1701005878
,5,1700994584
SÃ¡ch chÆ°a Ä‘á»c cÃ²n má»›i giao hÃ ng mÃ¹a dá»‹ch lÃ¢u tháº­t áº¥y,5,1636294409
"Ná»™i dung tÆ°Æ¡ng Ä‘á»‘i thÃº vá»‹, dÃ¹ mÃ¬nh má»›i Ä‘á»c Ä‘Æ°á»£c má»™t xÃ­u thÃ´i. 
GÃ³i hÃ ng ok, buá»“n cÃ¡i lÃ  khÃ´ng cÃ³ bookmark kÃ¨m theo ... hic",5,1637197777
"LÃºc mÃ¬nh mua lÃ  57k, ná»™i dung theo mÃ¬nh, khÃ´ng hay láº¯m, lÃ½ thuyáº¿t chung chung, cÃ¢u chuyá»‡n vá» cÃ¡c tÃ¹ nhÃ¢n thÃ¬ miÃªu táº£ ráº¥t chÃ¢n thá»±c, sau khi Ä‘á»c xong khÃ´ng thu lÆ°á»£m Ä‘Æ°á»£c thÃªm gÃ¬, sÃ¡ch thÃ¬ hÃ¬nh nhÆ° bá»‹ con gÃ¬ Ä‘Ã³ gáº·m á»Ÿ pháº§n bÃ¬a",2,1597653435
,5,1700584470
ğŸ‘,5,1685089830
"SÃ¡ch thÃ¬ khÃ´ng tá»‡. Oke NhÆ°ng cháº¥t lÆ°á»£ng bá»c sÃ¡ch cá»§a tiki thÃ¬ quÃ¡ tá»‡, tá»‡ dáº§n Ä‘á»u Ä‘i luÃ´n áº¥y. Quyá»n sÃ¡ch bá»c ná»­a vá»i, khÃ´ng cháº¯c cháº¯n, cáº§m chÃºt lÃ  bung ra. Tháº­t sá»± tháº¥t vá»ng. MÃ¬nh cÃ²n mua ráº¥t nhiá»u bá»c sÃ¡ch khÃ´ng biáº¿t dÃ¹ng Ä‘áº¿n bao giá» má»›i háº¿t.",3,1599148585
"Má»›i Ä‘á»c Ä‘c táº§m 20 trang, ná»™i dung cuá»‘n vÃ  Ä‘Ã¡ng Ä‘á»c.",5,1664517173
"Tiki giao nhanh, Ä‘Ã³ng gÃ³i ká»¹, sÃ¡ch má»›i, Ä‘áº¹p, chá»‰nh chu.",5,1679035718
"MÃ u bÃ¬a sÃ¡ch trong hÃ¬nh khÃ¡c bÃªn ngoÃ i, mÃ u sÃ¡ch nhÃ¬n nhÃ£ nháº·n láº¯m! VÃ¬ chÆ°a Ä‘á»c nÃªn chÆ°a Ä‘Ã¡nh giÃ¡ Ä‘Æ°á»£c ná»™i dung! Cáº§m cuá»‘n sÃ¡ch nhá» nháº¯n xinh xáº¯n mÃ u Ä‘áº¹p nÃªn thÃ­ch láº¯m!",5,1617765137
"saÌch rÃ¢Ìt caÌ‰m Ä‘Ã´Ì£ng , laÌ€ 1 trong nhÆ°Ìƒng quyÃªÌ‰n saÌch gÃ´Ìi Ä‘Ã¢Ì€u giÆ°Æ¡Ì€ng cuÌ‰a rÃ¢Ìt nhiÃªÌ€u ngÆ°Æ¡Ì€i . LÃ¢Ì€n Ä‘Ã¢Ì€u Ä‘oÌ£c miÌ€nh rÃ¢Ìt caÌ‰m Ä‘Ã´Ì£ng , caÌ‰m xuÌc maÌ€ miÌ€nh chÆ°a coÌ khi Ä‘oÌ£c caÌc quyÃªÌ‰n saÌch khaÌc .
con ngÆ°Æ¡Ì€i luÃ´n coÌ sÆ°Ì£ lÆ°Ì£a choÌ£n duÌ€ trong bÃ¢Ìt kyÌ€ hoaÌ€n caÌ‰nh naÌ€o .",5,1590379155
,5,1700204959
Pháº§n sau hÆ¡i trá»«u tÆ°á»£ng xxxxxxxxx,3,1686921383
,5,1699800727
,5,1699768099
,5,1699720430
Mua Ä‘i Ä‘á»«ng sá»£!,5,1692850844
DÃ nh cho ai Ä‘ang máº¥t phÆ°Æ¡ng hÆ°á»›ng,5,1686190283
,4,1699405033
,5,1685166191
,5,1699251645
,5,1699195038
VÃ¬ giao nhanh nÃªn em cá»© Ä‘Ã¡nh giÃ¡ 5 sao dÃ¹ chÆ°a Ä‘á»c thá»­. HÃ¬nh áº£nh chá»‰ mang tÃ­nh cháº¥t nháº­n xu,5,1648633241
,5,1699122937
,5,1699071817
"SÃ¡ch cÃ²n nguyÃªn váº¹n, khÃ´ng bá»‹ gÃ¬, Tiki giao hÃ ng nhanh quÃ¡ luÃ´n Ã¡ nhÆ°ng mÃ  tháº¥y hÆ¡i báº¥t tiá»‡n vÃ¬ cÃ³ pháº£i lÃºc nÃ o mÃ¬nh cÅ©ng cÃ³ á»Ÿ nhÃ  Ä‘Ã¢u",5,1616887702
,5,1698944896
,5,1698806130
10 Ä‘iá»ƒm. trá»« 0.5 Ä‘iá»ƒm vÃ¬ giao sÃ¡ch bá»‹ cáº¯n,5,1667211892
,5,1698677625
"Má»™t cuá»‘n sÃ¡ch hay, giao nhanh, sÃ¡ch Ä‘áº¹p, mua hÃ ng á»Ÿ tiki luÃ´n yÃªn tÃ¢m vá» cháº¥t lÆ°á»£ng, Ä‘áº§u tÆ° cho tri thá»©c luÃ´n lÃ  khoáº£n Ä‘áº§u tÆ° Ä‘Ãºng Ä‘áº¯n. LuÃ´n á»§ng há»™ tiki",5,1621658538
,5,1698273723
,5,1698201688
"MÃ¬nh Ä‘Ã£ ráº¥t cáº©n tháº­n Ä‘á»c review trÃªn goodread, tÃ¬m hiá»ƒu vá» tÃ¡c giáº£ Ä‘á»ƒ rá»“i qÄ‘ mua. NhÆ°ng khi Ä‘á»c thÃ¬ ráº¥t má»‡t, rÃ¡ng Ä‘á»c hoÃ i váº«n khÃ´ng xong Ä‘Æ°á»£c vÃ¬ ná»™i dung chung chung, lan man khÃ´ng Ä‘á»ng Ä‘Æ°á»£c láº¡i gÃ¬ cáº£, cÅ©ng khÃ´ng thÃªm Ä‘Æ°á»£c nhiá»u kiáº¿n thá»©c, kiá»ƒu nhÆ° máº¥y cuá»‘n self help Ä‘á»c xong lÃ  thÃ´i. K biáº¿t do cÃ¡ch dá»‹ch hay do overated ná»¯a nhÆ°ng khÃ¡ tháº¥t vá»ng. Máº·c style sÃ¡ch cá»§a mÃ¬nh lÃ  triáº¿t há»c, lá»‹ch sá»­ nhÆ°ng k thá»ƒ Ä‘á»c Ä‘Æ°á»£c xong xuá»‘n nÃ y.",3,1587454913
"Tá»‘t , hÃ i lÃ²ng",5,1692344886
Tuyá»‡t vá»i,5,1693666423
"Cuá»‘n sÃ¡ch nÃ y cho nhá»¯ng ai khÃ´ng biáº¿t má»¥c Ä‘Ã­ch sá»‘ng cá»§a mÃ¬nh lÃ  gÃ¬ , Ä‘á»™ng lá»±c gÃ¬ Ä‘á»ƒ sá»‘ng vÃ  cho báº¡n biáº¿t ráº±ng báº¡n Ä‘ang ráº¥t may máº¯n ğŸ€",5,1640929864
,5,1697718541
,5,1697714986
Ok,5,1697034755
,5,1697631063
,5,1697621773
"SÃ¡ch dáº§y nhÆ°ng bá»c ráº¥t áº©u, má»›i nháº­n Ä‘Ã£ bong bá»c sÃ¡ch, bá»c quÃ¡ bÃ©, ko giá»¯ Ä‘Æ°á»£c trong lÃºc Ä‘á»c. Tiki nÃªn xem láº¡i cháº¥t lÆ°á»£ng. SÃ¡ch cáº¯t áº©u, má»—i tá» giáº¥y giá»‘ng bá»‹ xÃ© hoáº·c dÃ¹ng dao rá»c giáº¥y chá»© ko pháº£i cáº¯t mÃ¡y",2,1583329905
,5,1697572618
,5,1697555463
,5,1697398148
,5,1697351254
,5,1697295521
,5,1697290725
"giao hÃ ng nhanh, Ä‘Ã³ng gÃ³i ká»¹ lÆ°á»¡ng, bÃ¬a Ä‘áº¹p chá»¯ in rÃµ rÃ ng, Ä‘á»c rá»“i cáº£m nháº­n sao",5,1635300858
"Báº¥t ngá» vÃ¬ tá»« HCM mÃ  giao nhanh Ä‘áº¿n v, qua Ä‘áº·t nay Ä‘Ã£ nháº­n Ä‘c r. 2 quyá»ƒn kia mÃ¬nh mua bá»c má»›i, cÃ²n quyá»n nÃ y nhÃ¬n hÆ¡i cÅ©",5,1648792846
,5,1697029198
ÄÃ³ng gÃ³i cáº©n thÃ¢n.,5,1689404756
,5,1696782324
,5,1696667999
,5,1696614515
,5,1696502701
Giao hÃ ng siÃªu nhanh!,5,1674887060
,4,1696260418
,5,1696235635
"Äá»c pháº§n 1 quáº£ thá»±c cáº£m nháº­n Ä‘Æ°á»£c cÃ¡i khá»§ng khiáº¿p nÆ¡i cÃ¡c tráº¡i táº­p trung. Tá»« áº¥y cÃ ng trÃ¢n trá»ng cuá»™c sá»‘ng nÃ y hÆ¡n.
Äá»c pháº§n 2 lÃ  má»™t sá»± tráº£i nghiá»‡m má»›i máº» cáº£m nháº­n nhá»¯ng lÃ½ thuyáº¿t vá» tÃ¢m lÃ½ má»™t cÃ¡ch Ä‘á»™c Ä‘Ã¡o vÃ  thÃº vá»‹ chá»© khÃ´ng hÃ n lÃ¢m.
Tiki giao hÃ ng cháº¥t lÆ°á»£ng. 5 sao áº¡aaa",5,1585631797
,5,1695799609
SÃ¡ch Ä‘Æ°á»£c Ä‘Ã³ng gÃ³i cáº©n tháº­n. Anh shipper cá»§a Tiki zui tÃ¡nh vÃ  nhiá»‡t tÃ¬nh,5,1652769848
,4,1695633000
,5,1695625974
,5,1695532546
Ok,5,1680605276
,5,1695377961
,5,1695298739
,4,1695102671
"MÃ¬nh há»c Y. Äang há»c nÄƒm nháº¥t, Ä‘Ã£ há»c qua mÃ´n TÃ¢m LÃ½ CÄƒn báº£n. Tháº­t sá»± Ä‘á»c xong váº«n Ã´n vÃ  há»c tiáº¿p Ä‘Æ°á»£c",5,1650889212
,5,1695038779
,5,1694859241
"SÃ¡ch in cÃ²n 1 sá»‘ lá»—i, bÃ¬a dÃ­nh báº©n vÃ  giáº¥y cÃ³ nhiÃ¨u chi tiáº¿t thá»«a",4,1654093201
,5,1694577146
,5,1694490974
,5,1694410469
,5,1694392783
Ngáº«m láº¡i cuá»™c Ä‘á»i báº£n thÃ¢n Ä‘ang nhÆ° tháº¿ nÃ o,5,1675390617
,5,1694262520
,5,1694183582
,5,1693971098
,5,1693904664
,5,1693903705
,5,1693883937
,5,1693463344
,5,1693315504
,5,1693106039
,5,1693039379
,5,1693021766
,5,1692995793
,5,1692970303
,5,1692967899
tuyá»‡t,5,1690538444
,5,1692711972
,5,1692615394
,5,1692582850
,5,1692539369
,5,1692374520
SÃ¡ch Ä‘áº¹p. Giao hÃ ng nhanh.,5,1682567932
,5,1692184403
"SÃ¡ch vá»«a má»›i giao mÃ  má»Ÿ ra thÃ¬ láº¡i tháº¥y chá»— bá»‹ rÃ¡ch nhÆ° váº­y, cÃ²n máº¥y chá»— thÃ¬ dÆ¡ ná»¯a chá»©",2,1640407966
,5,1691895503
"sÃ¡ch cÃ³ hÆ¡i bá»‹ mÃ³p á»Ÿ gÃ³c 1 xÃ­u, cÃ²n láº¡i thÃ¬ ok. MÃ¬nh chÆ°a Ä‘á»c xong nÃªn chÆ°a viáº¿t Ä‘Ã¡nh giÃ¡ chi tiáº¿t Ä‘c",5,1608236444
,5,1691805716
,5,1691746108
,5,1691717967
"Cuá»‘n sÃ¡ch nÃ y quÃ¡ cao siÃªu, má»›i Ä‘á»c vÃ o em Ä‘Ã£ tháº¥y hoang mang vá»›i má»©c Ä‘á»™ thÃ¢m sÃ¢u cá»§a cÃ¢u chuyá»‡n vÃ  Ä‘Æ¡n nhiÃªn lÃ  khÃ´ng thá»ƒ hiá»ƒu ná»•i nÃªn cháº£ Ä‘Ãºc rÃºt ra Ä‘Æ°á»£c bÃ i há»c váº­y lÃ  em Ä‘Ã nh táº·ng nÃ³ luÃ´n cho cÃ´ em :( máº·c dÃ¹ hÆ¡i tiáº¿c nuá»‘i . Náº¿u má»i ngÆ°á»i há»i vÃ¬ sao em khÃ´ng Ä‘á»c thá»­ hay Ä‘á»c review trÆ°á»›c khi mua thÃ¬ pháº£i ká»ƒ Ä‘áº¿n sá»± *** ngá»¥c cá»§a em. LÃªn trÆ°á»ng bá»n báº¡n em hay Ä‘á»c má»™t cuá»‘n sÃ¡ch, mÃ  em quáº£ tháº­t khÃ´ng rÃµ lÃ  cuá»‘n gÃ¬, chá»‰ biáº¿t nÃ³ mÃ u xanh vÃ  cÃ³ hÃ¬nh con chim phÃ­a ngoÃ i má»i ngÆ°á»i áº¡. Tháº¿ lÃ  em vá» nhÃ  lÃªn máº¡ng tÃ¬m trÃªn tiki vÃ  tháº¥y cuá»‘n ""Ä‘i tÃ¬m láº½ sá»‘ng"" nÃ y, tháº¥y cÃ³ váº» giá»‘ng giá»‘ng cuá»‘n cá»§a tá»¥i trÃªn lá»›p nÃªn em khÃ´ng cháº§n chá»« Ä‘áº·t mua luÃ´n. Trá»i Æ¡i Ä‘áº¥t há»¡i, Ä‘áº·t xong mai lÃªn trÆ°á»ng nhÃ¬n láº¡i cuá»‘n sÃ¡ch cá»§a tá»¥i trÃªn lá»›p, em má»›i biáº¿t Ä‘Ã³ lÃ  cuá»‘n ""giáº¿t cháº¿t con chim nháº¡i"" má»i ngÆ°á»i áº¡ :(( Em cáº£m tháº¥y ruá»™t Ä‘au nhÆ° cáº¯t nÆ°á»›c máº¯t Ä‘áº§m Ä‘Ã¬a vÃ o tá»‘i Ä‘Ãªm hÃ´m Ä‘Ã³, nhÆ°ng khÃ´ng sao vÃ¬ em Ä‘Ã£ táº·ng nÃ³ láº¡i cho cÃ´ bá»™ mÃ´n ToÃ¡n :)) hihi mÃ¬nh tháº­t thÃ´ng minh mÃ  ^^",4,1580876587
"cuá»‘n sÃ¡ch gá»“m 2 pháº§n chÃ­nh. Pháº§n 1 tÃ¡c giáº£ ká»ƒ vá» cuá»™c Ä‘á»i cá»§a mÃ¬nh trong tháº¿ chiáº¿n thá»© 2 trong tÃ¬nh tráº¡ng bá»‹ báº¯t Ä‘áº¿n tráº¡i táº­p trung. ÄÃ¢y lÃ  pháº§n mÃ¬nh thÃ­ch nháº¥t, lá»‘i ká»ƒ sá»‘ng Ä‘á»™ng nhÆ°ng ko quÃªn Ä‘Æ°a vÃ o cÃ¡c phÆ°Æ¡ng phÃ¡p sá»‘ng . Báº±ng cÃ¡ch ká»ƒ nhÆ° váº­y lá»‘i vÄƒn ko bá»‹ khÃ´ khan, cáº£m tháº¥y phÆ°Æ¡ng phÃ¡p mÃ  tÃ¡c giáº£ Ä‘Æ°a ra ráº¥t há»£p lÃ½ . Pháº§n thá»© 2 cá»§a tÃ¡c pháº©m nÃ³i rÃµ hÆ¡n vá» phÆ°Æ¡ng phÃ¡p sá»‘ng cá»§a tÃ¡c giáº£, pháº§n nÃ y mÃ¬nh ko thÃ­ch láº¯m. cáº£m tháº¥y hÆ¡i náº£n.
NÃ³i vá» cháº¥t lÆ°á»£ng sÃ¡ch mÃ¬nh tháº¥y ráº¥t OK, mÃ¬nh mua á»Ÿ tiki nhiá»u láº§n láº¯m rá»“i :))) . Ship nhanh chÃ³ng, bÃ¬a Ä‘áº¹p, Æ°ng láº¯m !!!!!",5,1566483201
sÃ¡ch tá»‘t in rÃµ má»±c Ä‘áº¹p cÃ³ Ä‘iá»u bá»‹ hÆ¡i dÆ¡ á»Ÿ phÃ­a trÃªn sÃ¡ch,5,1623983942
sÃ¡ch má»›i. Ä‘Ã³ng gÃ³i cáº©n tháº­n. ná»™i dung thÃ¬ khi nÃ o Ä‘á»c xong mÃ¬nh sáº½ nháº­n xÃ©t sau,5,1644888675
"Giao nhanh, gÃ³i hÃ ng Ä‘áº¹p lá»‹ch sá»±, sÃ¡ch Ä‘áº¹p láº¯m áº¡!- ráº¥t Ä‘Ã¡ng Ä‘á»ƒ Ä‘á»c",5,1647360732
"Mua nháº±m Ä‘á»c dá»‹p táº¿t, mÃ  tiki giao hÃ ng siÃªu nhanh, sÃ¡ch má»›i, cháº¥t lÆ°á»£ng giáº¥y tá»‘t.",5,1643247159
,5,1690702748
,5,1690600893
,5,1690554770
Tráº£i nghiá»‡m mua sÃ¡ch ok ná»™i dung chÆ°a Ä‘á»c nÃªn chÆ°a biáº¿t,5,1654096513
,5,1690363589
,5,1690268972
"giao hÃ ng nhanh, ná»™i dung sÃ¡ch Ä‘Ã¡ng Ä‘á»ƒ Ä‘á»c 1 láº§n trong Ä‘á»i ğŸ‘",5,1650725068
,5,1690077413
